,id,uid,date,attendance,timeValid,neutralSite,conferenceCompetition,recent,notes,startDate,type.id,type.abbreviation,venue.id,venue.fullName,venue.address.city,venue.address.state,venue.capacity,venue.indoor,status.clock,status.displayClock,status.period,status.type.id,status.type.name,status.type.state,status.type.completed,status.type.description,status.type.detail,status.type.shortDetail,home.id,home.uid,home.location,home.name,home.abbreviation,home.displayName,home.shortDisplayName,home.color,home.alternateColor,home.isActive,home.venue.id,home.logo,away.id,away.uid,away.location,away.name,away.abbreviation,away.displayName,away.shortDisplayName,away.color,away.alternateColor,away.isActive,away.venue.id,away.logo,season,status.type.altDetail
0,401230733,s:40~l:59~e:401230733~c:401230733,2020-07-25T16:00Z,0,True,False,False,False,[],2020-07-25T16:00Z,1,STD,7097,IMG Academy,Bradenton,FL,0,True,0.0,0.0,4,3,STATUS_FINAL,post,True,Final,Final,Final,9,s:40~l:59~t:9,New York,Liberty,NY,New York Liberty,Liberty,0d79b9,89c9bf,True,1830,https://a.espncdn.com/i/teamlogos/wnba/500/ny.png,14,s:40~l:59~t:14,Seattle,Storm,SEA,Seattle Storm,Storm,05452a,f7c43c,True,2184,https://a.espncdn.com/i/teamlogos/wnba/500/scoreboard/sea.png,2020,
0,401230734,s:40~l:59~e:401230734~c:401230734,2020-07-25T19:00Z,0,True,False,False,False,[],2020-07-25T19:00Z,1,STD,7097,IMG Academy,Bradenton,FL,0,True,0.0,0.0,4,3,STATUS_FINAL,post,True,Final,Final,Final,11,s:40~l:59~t:11,Phoenix,Mercury,PHX,Phoenix Mercury,Mercury,3a267d,e56020,True,1949,https://a.espncdn.com/i/teamlogos/wnba/500/phx.png,6,s:40~l:59~t:6,Los Angeles,Sparks,LA,Los Angeles Sparks,Sparks,532481,49ac9c,True,1841,https://a.espncdn.com/i/teamlogos/wnba/500/la.png,2020,
0,401230735,s:40~l:59~e:401230735~c:401230735,2020-07-25T21:00Z,0,True,False,False,False,[],2020-07-25T21:00Z,1,STD,7097,IMG Academy,Bradenton,FL,0,True,0.0,0.0,4,3,STATUS_FINAL,post,True,Final,Final,Final,16,s:40~l:59~t:16,Washington,Mystics,WSH,Washington Mystics,Mystics,e03a3e,09295a,True,1823,https://a.espncdn.com/i/teamlogos/wnba/500/wsh.png,5,s:40~l:59~t:5,Indiana,Fever,IND,Indiana Fever,Fever,e2382f,08265b,True,2183,https://a.espncdn.com/i/teamlogos/wnba/500/ind.png,2020,
0,401230461,s:40~l:59~e:401230461~c:401230461,2020-07-26T16:00Z,0,True,False,False,False,[],2020-07-26T16:00Z,1,STD,7097,IMG Academy,Bradenton,FL,0,True,0.0,0.0,4,3,STATUS_FINAL,post,True,Final,Final,Final,8,s:40~l:59~t:8,Minnesota,Lynx,MIN,Minnesota Lynx,Lynx,005084,47a757,True,2029,https://a.espncdn.com/i/teamlogos/wnba/500/min.png,18,s:40~l:59~t:18,Connecticut,Sun,CONN,Connecticut Sun,Sun,de6b36,002d62,True,2160,https://a.espncdn.com/i/teamlogos/wnba/500/conn.png,2020,
0,401230462,s:40~l:59~e:401230462~c:401230462,2020-07-26T19:00Z,0,True,False,False,False,[],2020-07-26T19:00Z,1,STD,7097,IMG Academy,Bradenton,FL,0,True,0.0,0.0,4,3,STATUS_FINAL,post,True,Final,Final,Final,17,s:40~l:59~t:17,Las Vegas,Aces,LV,Las Vegas Aces,Aces,000000,c7cfd4,True,780,https://a.espncdn.com/i/teamlogos/wnba/500/lv.png,19,s:40~l:59~t:19,Chicago,Sky,CHI,Chicago Sky,Sky,4f91cd,f1f2f3,True,977,https://a.espncdn.com/i/teamlogos/wnba/500/chi.png,2020,
0,401230463,s:40~l:59~e:401230463~c:401230463,2020-07-26T21:00Z,0,True,False,False,False,[],2020-07-26T21:00Z,1,STD,7097,IMG Academy,Bradenton,FL,0,True,0.0,0.0,4,3,STATUS_FINAL,post,True,Final,Final,Final,20,s:40~l:59~t:20,Atlanta,Dream,ATL,Atlanta Dream,Dream,5190cd,f1f2f3,True,2206,https://a.espncdn.com/i/teamlogos/wnba/500/atl.png,3,s:40~l:59~t:3,Dallas,Wings,DAL,Dallas Wings,Wings,11213e,c5d646,True,3416,https://a.espncdn.com/i/teamlogos/wnba/500/dal.png,2020,
0,401230464,s:40~l:59~e:401230464~c:401230464,2020-07-28T23:00Z,0,True,False,False,False,[],2020-07-28T23:00Z,1,STD,7097,IMG Academy,Bradenton,FL,0,True,0.0,0.0,4,3,STATUS_FINAL,post,True,Final,Final,Final,18,s:40~l:59~t:18,Connecticut,Sun,CONN,Connecticut Sun,Sun,de6b36,002d62,True,2160,https://a.espncdn.com/i/teamlogos/wnba/500/conn.png,16,s:40~l:59~t:16,Washington,Mystics,WSH,Washington Mystics,Mystics,e03a3e,09295a,True,1823,https://a.espncdn.com/i/teamlogos/wnba/500/wsh.png,2020,
0,401230465,s:40~l:59~e:401230465~c:401230465,2020-07-29T01:00Z,203,True,False,False,False,[],2020-07-29T01:00Z,1,STD,7097,IMG Academy,Bradenton,FL,0,True,0.0,0.0,4,3,STATUS_FINAL,post,True,Final,Final,Final,19,s:40~l:59~t:19,Chicago,Sky,CHI,Chicago Sky,Sky,4f91cd,f1f2f3,True,977,https://a.espncdn.com/i/teamlogos/wnba/500/chi.png,6,s:40~l:59~t:6,Los Angeles,Sparks,LA,Los Angeles Sparks,Sparks,532481,49ac9c,True,1841,https://a.espncdn.com/i/teamlogos/wnba/500/la.png,2020,
0,401230466,s:40~l:59~e:401230466~c:401230466,2020-07-29T02:00Z,0,True,False,False,False,[],2020-07-29T02:00Z,1,STD,7097,IMG Academy,Bradenton,FL,0,True,0.0,0.0,4,3,STATUS_FINAL,post,True,Final,Final,Final,14,s:40~l:59~t:14,Seattle,Storm,SEA,Seattle Storm,Storm,05452a,f7c43c,True,2184,https://a.espncdn.com/i/teamlogos/wnba/500/scoreboard/sea.png,8,s:40~l:59~t:8,Minnesota,Lynx,MIN,Minnesota Lynx,Lynx,005084,47a757,True,2029,https://a.espncdn.com/i/teamlogos/wnba/500/min.png,2020,
0,401230467,s:40~l:59~e:401230467~c:401230467,2020-07-29T23:00Z,0,True,False,False,False,[],2020-07-29T23:00Z,1,STD,7097,IMG Academy,Bradenton,FL,0,True,0.0,0.0,4,3,STATUS_FINAL,post,True,Final,Final,Final,5,s:40~l:59~t:5,Indiana,Fever,IND,Indiana Fever,Fever,e2382f,08265b,True,2183,https://a.espncdn.com/i/teamlogos/wnba/500/ind.png,11,s:40~l:59~t:11,Phoenix,Mercury,PHX,Phoenix Mercury,Mercury,3a267d,e56020,True,1949,https://a.espncdn.com/i/teamlogos/wnba/500/phx.png,2020,
0,401230468,s:40~l:59~e:401230468~c:401230468,2020-07-30T00:00Z,0,True,False,False,False,[],2020-07-30T00:00Z,1,STD,7097,IMG Academy,Bradenton,FL,0,True,0.0,0.0,4,3,STATUS_FINAL,post,True,Final,Final,Final,3,s:40~l:59~t:3,Dallas,Wings,DAL,Dallas Wings,Wings,11213e,c5d646,True,3416,https://a.espncdn.com/i/teamlogos/wnba/500/dal.png,9,s:40~l:59~t:9,New York,Liberty,NY,New York Liberty,Liberty,0d79b9,89c9bf,True,1830,https://a.espncdn.com/i/teamlogos/wnba/500/ny.png,2020,
0,401230469,s:40~l:59~e:401230469~c:401230469,2020-07-30T02:00Z,0,True,False,False,False,[],2020-07-30T02:00Z,1,STD,7097,IMG Academy,Bradenton,FL,0,True,0.0,0.0,4,3,STATUS_FINAL,post,True,Final,Final,Final,17,s:40~l:59~t:17,Las Vegas,Aces,LV,Las Vegas Aces,Aces,000000,c7cfd4,True,780,https://a.espncdn.com/i/teamlogos/wnba/500/lv.png,20,s:40~l:59~t:20,Atlanta,Dream,ATL,Atlanta Dream,Dream,5190cd,f1f2f3,True,2206,https://a.espncdn.com/i/teamlogos/wnba/500/atl.png,2020,
0,401230470,s:40~l:59~e:401230470~c:401230470,2020-07-30T22:00Z,0,True,False,False,False,[],2020-07-30T22:00Z,1,STD,7097,IMG Academy,Bradenton,FL,0,True,0.0,0.0,4,3,STATUS_FINAL,post,True,Final,Final,Final,16,s:40~l:59~t:16,Washington,Mystics,WSH,Washington Mystics,Mystics,e03a3e,09295a,True,1823,https://a.espncdn.com/i/teamlogos/wnba/500/wsh.png,14,s:40~l:59~t:14,Seattle,Storm,SEA,Seattle Storm,Storm,05452a,f7c43c,True,2184,https://a.espncdn.com/i/teamlogos/wnba/500/scoreboard/sea.png,2020,
0,401230471,s:40~l:59~e:401230471~c:401230471,2020-07-31T00:00Z,0,True,False,False,False,[],2020-07-31T00:00Z,1,STD,7097,IMG Academy,Bradenton,FL,0,True,0.0,0.0,4,3,STATUS_FINAL,post,True,Final,Final,Final,8,s:40~l:59~t:8,Minnesota,Lynx,MIN,Minnesota Lynx,Lynx,005084,47a757,True,2029,https://a.espncdn.com/i/teamlogos/wnba/500/min.png,19,s:40~l:59~t:19,Chicago,Sky,CHI,Chicago Sky,Sky,4f91cd,f1f2f3,True,977,https://a.espncdn.com/i/teamlogos/wnba/500/chi.png,2020,
0,401230472,s:40~l:59~e:401230472~c:401230472,2020-07-31T02:00Z,0,True,False,False,False,[],2020-07-31T02:00Z,1,STD,7097,IMG Academy,Bradenton,FL,0,True,0.0,0.0,4,3,STATUS_FINAL,post,True,Final,Final,Final,6,s:40~l:59~t:6,Los Angeles,Sparks,LA,Los Angeles Sparks,Sparks,532481,49ac9c,True,1841,https://a.espncdn.com/i/teamlogos/wnba/500/la.png,18,s:40~l:59~t:18,Connecticut,Sun,CONN,Connecticut Sun,Sun,de6b36,002d62,True,2160,https://a.espncdn.com/i/teamlogos/wnba/500/conn.png,2020,
0,401230753,s:40~l:59~e:401230753~c:401230753,2020-07-31T23:00Z,0,True,False,False,False,[],2020-07-31T23:00Z,1,STD,7097,IMG Academy,Bradenton,FL,0,True,0.0,0.0,4,3,STATUS_FINAL,post,True,Final,Final,Final,20,s:40~l:59~t:20,Atlanta,Dream,ATL,Atlanta Dream,Dream,5190cd,f1f2f3,True,2206,https://a.espncdn.com/i/teamlogos/wnba/500/atl.png,9,s:40~l:59~t:9,New York,Liberty,NY,New York Liberty,Liberty,0d79b9,89c9bf,True,1830,https://a.espncdn.com/i/teamlogos/wnba/500/ny.png,2020,
0,401230754,s:40~l:59~e:401230754~c:401230754,2020-08-01T00:00Z,0,True,False,False,False,[],2020-08-01T00:00Z,1,STD,7097,IMG Academy,Bradenton,FL,0,True,0.0,0.0,4,3,STATUS_FINAL,post,True,Final,Final,Final,3,s:40~l:59~t:3,Dallas,Wings,DAL,Dallas Wings,Wings,11213e,c5d646,True,3416,https://a.espncdn.com/i/teamlogos/wnba/500/dal.png,5,s:40~l:59~t:5,Indiana,Fever,IND,Indiana Fever,Fever,e2382f,08265b,True,2183,https://a.espncdn.com/i/teamlogos/wnba/500/ind.png,2020,
0,401230755,s:40~l:59~e:401230755~c:401230755,2020-08-01T02:00Z,0,True,False,False,False,[],2020-08-01T02:00Z,1,STD,7097,IMG Academy,Bradenton,FL,0,True,0.0,0.0,4,3,STATUS_FINAL,post,True,Final,Final,Final,11,s:40~l:59~t:11,Phoenix,Mercury,PHX,Phoenix Mercury,Mercury,3a267d,e56020,True,1949,https://a.espncdn.com/i/teamlogos/wnba/500/phx.png,17,s:40~l:59~t:17,Las Vegas,Aces,LV,Las Vegas Aces,Aces,000000,c7cfd4,True,780,https://a.espncdn.com/i/teamlogos/wnba/500/lv.png,2020,
0,401230756,s:40~l:59~e:401230756~c:401230756,2020-08-01T20:00Z,0,True,False,False,False,[],2020-08-01T20:00Z,1,STD,7097,IMG Academy,Bradenton,FL,0,True,0.0,0.0,4,3,STATUS_FINAL,post,True,Final,Final,Final,18,s:40~l:59~t:18,Connecticut,Sun,CONN,Connecticut Sun,Sun,de6b36,002d62,True,2160,https://a.espncdn.com/i/teamlogos/wnba/500/conn.png,8,s:40~l:59~t:8,Minnesota,Lynx,MIN,Minnesota Lynx,Lynx,005084,47a757,True,2029,https://a.espncdn.com/i/teamlogos/wnba/500/min.png,2020,
0,401230757,s:40~l:59~e:401230757~c:401230757,2020-08-01T22:00Z,0,True,False,False,False,[],2020-08-01T22:00Z,1,STD,7097,IMG Academy,Bradenton,FL,0,True,0.0,0.0,4,3,STATUS_FINAL,post,True,Final,Final,Final,19,s:40~l:59~t:19,Chicago,Sky,CHI,Chicago Sky,Sky,4f91cd,f1f2f3,True,977,https://a.espncdn.com/i/teamlogos/wnba/500/chi.png,16,s:40~l:59~t:16,Washington,Mystics,WSH,Washington Mystics,Mystics,e03a3e,09295a,True,1823,https://a.espncdn.com/i/teamlogos/wnba/500/wsh.png,2020,
0,401230758,s:40~l:59~e:401230758~c:401230758,2020-08-02T00:00Z,0,True,False,False,False,[],2020-08-02T00:00Z,1,STD,7097,IMG Academy,Bradenton,FL,0,True,0.0,0.0,4,3,STATUS_FINAL,post,True,Final,Final,Final,14,s:40~l:59~t:14,Seattle,Storm,SEA,Seattle Storm,Storm,05452a,f7c43c,True,2184,https://a.espncdn.com/i/teamlogos/wnba/500/scoreboard/sea.png,6,s:40~l:59~t:6,Los Angeles,Sparks,LA,Los Angeles Sparks,Sparks,532481,49ac9c,True,1841,https://a.espncdn.com/i/teamlogos/wnba/500/la.png,2020,
0,401230759,s:40~l:59~e:401230759~c:401230759,2020-08-02T17:00Z,0,True,False,False,False,[],2020-08-02T17:00Z,1,STD,7097,IMG Academy,Bradenton,FL,0,True,0.0,0.0,4,3,STATUS_FINAL,post,True,Final,Final,Final,9,s:40~l:59~t:9,New York,Liberty,NY,New York Liberty,Liberty,0d79b9,89c9bf,True,1830,https://a.espncdn.com/i/teamlogos/wnba/500/ny.png,11,s:40~l:59~t:11,Phoenix,Mercury,PHX,Phoenix Mercury,Mercury,3a267d,e56020,True,1949,https://a.espncdn.com/i/teamlogos/wnba/500/phx.png,2020,
0,401230760,s:40~l:59~e:401230760~c:401230760,2020-08-02T19:30Z,0,True,False,False,False,[],2020-08-02T19:30Z,1,STD,7097,IMG Academy,Bradenton,FL,0,True,0.0,0.0,4,3,STATUS_FINAL,post,True,Final,Final,Final,5,s:40~l:59~t:5,Indiana,Fever,IND,Indiana Fever,Fever,e2382f,08265b,True,2183,https://a.espncdn.com/i/teamlogos/wnba/500/ind.png,20,s:40~l:59~t:20,Atlanta,Dream,ATL,Atlanta Dream,Dream,5190cd,f1f2f3,True,2206,https://a.espncdn.com/i/teamlogos/wnba/500/atl.png,2020,
0,401230761,s:40~l:59~e:401230761~c:401230761,2020-08-02T22:00Z,0,True,False,False,False,[],2020-08-02T22:00Z,1,STD,7097,IMG Academy,Bradenton,FL,0,True,0.0,0.0,4,3,STATUS_FINAL,post,True,Final,Final,Final,17,s:40~l:59~t:17,Las Vegas,Aces,LV,Las Vegas Aces,Aces,000000,c7cfd4,True,780,https://a.espncdn.com/i/teamlogos/wnba/500/lv.png,3,s:40~l:59~t:3,Dallas,Wings,DAL,Dallas Wings,Wings,11213e,c5d646,True,3416,https://a.espncdn.com/i/teamlogos/wnba/500/dal.png,2020,
0,401230762,s:40~l:59~e:401230762~c:401230762,2020-08-04T22:00Z,0,True,False,False,False,[],2020-08-04T22:00Z,1,STD,7097,IMG Academy,Bradenton,FL,0,True,0.0,0.0,4,3,STATUS_FINAL,post,True,Final,Final,Final,19,s:40~l:59~t:19,Chicago,Sky,CHI,Chicago Sky,Sky,4f91cd,f1f2f3,True,977,https://a.espncdn.com/i/teamlogos/wnba/500/chi.png,3,s:40~l:59~t:3,Dallas,Wings,DAL,Dallas Wings,Wings,11213e,c5d646,True,3416,https://a.espncdn.com/i/teamlogos/wnba/500/dal.png,2020,
0,401230763,s:40~l:59~e:401230763~c:401230763,2020-08-04T23:00Z,0,True,False,False,False,[],2020-08-04T23:00Z,1,STD,7097,IMG Academy,Bradenton,FL,0,True,0.0,0.0,4,3,STATUS_FINAL,post,True,Final,Final,Final,20,s:40~l:59~t:20,Atlanta,Dream,ATL,Atlanta Dream,Dream,5190cd,f1f2f3,True,2206,https://a.espncdn.com/i/teamlogos/wnba/500/atl.png,11,s:40~l:59~t:11,Phoenix,Mercury,PHX,Phoenix Mercury,Mercury,3a267d,e56020,True,1949,https://a.espncdn.com/i/teamlogos/wnba/500/phx.png,2020,
0,401230764,s:40~l:59~e:401230764~c:401230764,2020-08-05T01:00Z,0,True,False,False,False,[],2020-08-05T01:00Z,1,STD,7097,IMG Academy,Bradenton,FL,0,True,0.0,0.0,4,3,STATUS_FINAL,post,True,Final,Final,Final,14,s:40~l:59~t:14,Seattle,Storm,SEA,Seattle Storm,Storm,05452a,f7c43c,True,2184,https://a.espncdn.com/i/teamlogos/wnba/500/scoreboard/sea.png,18,s:40~l:59~t:18,Connecticut,Sun,CONN,Connecticut Sun,Sun,de6b36,002d62,True,2160,https://a.espncdn.com/i/teamlogos/wnba/500/conn.png,2020,
0,401230765,s:40~l:59~e:401230765~c:401230765,2020-08-05T23:00Z,0,True,False,False,False,[],2020-08-05T23:00Z,1,STD,7097,IMG Academy,Bradenton,FL,0,True,0.0,0.0,4,3,STATUS_FINAL,post,True,Final,Final,Final,9,s:40~l:59~t:9,New York,Liberty,NY,New York Liberty,Liberty,0d79b9,89c9bf,True,1830,https://a.espncdn.com/i/teamlogos/wnba/500/ny.png,8,s:40~l:59~t:8,Minnesota,Lynx,MIN,Minnesota Lynx,Lynx,005084,47a757,True,2029,https://a.espncdn.com/i/teamlogos/wnba/500/min.png,2020,
0,401230766,s:40~l:59~e:401230766~c:401230766,2020-08-06T00:00Z,0,True,False,False,False,[],2020-08-06T00:00Z,1,STD,7097,IMG Academy,Bradenton,FL,0,True,0.0,0.0,4,3,STATUS_FINAL,post,True,Final,Final,Final,16,s:40~l:59~t:16,Washington,Mystics,WSH,Washington Mystics,Mystics,e03a3e,09295a,True,1823,https://a.espncdn.com/i/teamlogos/wnba/500/wsh.png,17,s:40~l:59~t:17,Las Vegas,Aces,LV,Las Vegas Aces,Aces,000000,c7cfd4,True,780,https://a.espncdn.com/i/teamlogos/wnba/500/lv.png,2020,
0,401230767,s:40~l:59~e:401230767~c:401230767,2020-08-06T02:00Z,0,True,False,False,False,[],2020-08-06T02:00Z,1,STD,7097,IMG Academy,Bradenton,FL,0,True,0.0,0.0,4,3,STATUS_FINAL,post,True,Final,Final,Final,6,s:40~l:59~t:6,Los Angeles,Sparks,LA,Los Angeles Sparks,Sparks,532481,49ac9c,True,1841,https://a.espncdn.com/i/teamlogos/wnba/500/la.png,5,s:40~l:59~t:5,Indiana,Fever,IND,Indiana Fever,Fever,e2382f,08265b,True,2183,https://a.espncdn.com/i/teamlogos/wnba/500/ind.png,2020,
0,401230768,s:40~l:59~e:401230768~c:401230768,2020-08-06T22:00Z,0,True,False,False,False,[],2020-08-06T22:00Z,1,STD,7097,IMG Academy,Bradenton,FL,0,True,0.0,0.0,4,3,STATUS_FINAL,post,True,Final,Final,Final,20,s:40~l:59~t:20,Atlanta,Dream,ATL,Atlanta Dream,Dream,5190cd,f1f2f3,True,2206,https://a.espncdn.com/i/teamlogos/wnba/500/atl.png,14,s:40~l:59~t:14,Seattle,Storm,SEA,Seattle Storm,Storm,05452a,f7c43c,True,2184,https://a.espncdn.com/i/teamlogos/wnba/500/scoreboard/sea.png,2020,
0,401230769,s:40~l:59~e:401230769~c:401230769,2020-08-07T00:00Z,0,True,False,False,False,[],2020-08-07T00:00Z,1,STD,7097,IMG Academy,Bradenton,FL,0,True,0.0,0.0,4,3,STATUS_FINAL,post,True,Final,Final,Final,3,s:40~l:59~t:3,Dallas,Wings,DAL,Dallas Wings,Wings,11213e,c5d646,True,3416,https://a.espncdn.com/i/teamlogos/wnba/500/dal.png,18,s:40~l:59~t:18,Connecticut,Sun,CONN,Connecticut Sun,Sun,de6b36,002d62,True,2160,https://a.espncdn.com/i/teamlogos/wnba/500/conn.png,2020,
0,401230770,s:40~l:59~e:401230770~c:401230770,2020-08-07T02:00Z,0,True,False,False,False,[],2020-08-07T02:00Z,1,STD,7097,IMG Academy,Bradenton,FL,0,True,0.0,0.0,4,3,STATUS_FINAL,post,True,Final,Final,Final,11,s:40~l:59~t:11,Phoenix,Mercury,PHX,Phoenix Mercury,Mercury,3a267d,e56020,True,1949,https://a.espncdn.com/i/teamlogos/wnba/500/phx.png,19,s:40~l:59~t:19,Chicago,Sky,CHI,Chicago Sky,Sky,4f91cd,f1f2f3,True,977,https://a.espncdn.com/i/teamlogos/wnba/500/chi.png,2020,
0,401230771,s:40~l:59~e:401230771~c:401230771,2020-08-07T22:00Z,0,True,False,False,False,[],2020-08-07T22:00Z,1,STD,7097,IMG Academy,Bradenton,FL,0,True,0.0,0.0,4,3,STATUS_FINAL,post,True,Final,Final,Final,8,s:40~l:59~t:8,Minnesota,Lynx,MIN,Minnesota Lynx,Lynx,005084,47a757,True,2029,https://a.espncdn.com/i/teamlogos/wnba/500/min.png,5,s:40~l:59~t:5,Indiana,Fever,IND,Indiana Fever,Fever,e2382f,08265b,True,2183,https://a.espncdn.com/i/teamlogos/wnba/500/ind.png,2020,
0,401230772,s:40~l:59~e:401230772~c:401230772,2020-08-07T23:00Z,0,True,False,False,False,[],2020-08-07T23:00Z,1,STD,7097,IMG Academy,Bradenton,FL,0,True,0.0,0.0,4,3,STATUS_FINAL,post,True,Final,Final,Final,16,s:40~l:59~t:16,Washington,Mystics,WSH,Washington Mystics,Mystics,e03a3e,09295a,True,1823,https://a.espncdn.com/i/teamlogos/wnba/500/wsh.png,9,s:40~l:59~t:9,New York,Liberty,NY,New York Liberty,Liberty,0d79b9,89c9bf,True,1830,https://a.espncdn.com/i/teamlogos/wnba/500/ny.png,2020,
0,401230773,s:40~l:59~e:401230773~c:401230773,2020-08-08T01:00Z,0,True,False,False,False,[],2020-08-08T01:00Z,1,STD,7097,IMG Academy,Bradenton,FL,0,True,0.0,0.0,4,3,STATUS_FINAL,post,True,Final,Final,Final,17,s:40~l:59~t:17,Las Vegas,Aces,LV,Las Vegas Aces,Aces,000000,c7cfd4,True,780,https://a.espncdn.com/i/teamlogos/wnba/500/lv.png,6,s:40~l:59~t:6,Los Angeles,Sparks,LA,Los Angeles Sparks,Sparks,532481,49ac9c,True,1841,https://a.espncdn.com/i/teamlogos/wnba/500/la.png,2020,
0,401230774,s:40~l:59~e:401230774~c:401230774,2020-08-08T16:00Z,0,True,False,False,False,[],2020-08-08T16:00Z,1,STD,7097,IMG Academy,Bradenton,FL,0,True,0.0,0.0,4,3,STATUS_FINAL,post,True,Final,Final,Final,3,s:40~l:59~t:3,Dallas,Wings,DAL,Dallas Wings,Wings,11213e,c5d646,True,3416,https://a.espncdn.com/i/teamlogos/wnba/500/dal.png,20,s:40~l:59~t:20,Atlanta,Dream,ATL,Atlanta Dream,Dream,5190cd,f1f2f3,True,2206,https://a.espncdn.com/i/teamlogos/wnba/500/atl.png,2020,
0,401230775,s:40~l:59~e:401230775~c:401230775,2020-08-08T19:00Z,0,True,False,False,False,[],2020-08-08T19:00Z,1,STD,7097,IMG Academy,Bradenton,FL,0,True,0.0,0.0,4,3,STATUS_FINAL,post,True,Final,Final,Final,14,s:40~l:59~t:14,Seattle,Storm,SEA,Seattle Storm,Storm,05452a,f7c43c,True,2184,https://a.espncdn.com/i/teamlogos/wnba/500/scoreboard/sea.png,11,s:40~l:59~t:11,Phoenix,Mercury,PHX,Phoenix Mercury,Mercury,3a267d,e56020,True,1949,https://a.espncdn.com/i/teamlogos/wnba/500/phx.png,2020,
0,401230776,s:40~l:59~e:401230776~c:401230776,2020-08-08T21:00Z,0,True,False,False,False,[],2020-08-08T21:00Z,1,STD,7097,IMG Academy,Bradenton,FL,0,True,0.0,0.0,4,3,STATUS_FINAL,post,True,Final,Final,Final,18,s:40~l:59~t:18,Connecticut,Sun,CONN,Connecticut Sun,Sun,de6b36,002d62,True,2160,https://a.espncdn.com/i/teamlogos/wnba/500/conn.png,19,s:40~l:59~t:19,Chicago,Sky,CHI,Chicago Sky,Sky,4f91cd,f1f2f3,True,977,https://a.espncdn.com/i/teamlogos/wnba/500/chi.png,2020,
0,401230779,s:40~l:59~e:401230779~c:401230779,2020-08-09T19:00Z,0,True,False,False,False,[],2020-08-09T19:00Z,1,STD,7097,IMG Academy,Bradenton,FL,0,True,0.0,0.0,4,3,STATUS_FINAL,post,True,Final,Final,Final,6,s:40~l:59~t:6,Los Angeles,Sparks,LA,Los Angeles Sparks,Sparks,532481,49ac9c,True,1841,https://a.espncdn.com/i/teamlogos/wnba/500/la.png,8,s:40~l:59~t:8,Minnesota,Lynx,MIN,Minnesota Lynx,Lynx,005084,47a757,True,2029,https://a.espncdn.com/i/teamlogos/wnba/500/min.png,2020,
0,401230777,s:40~l:59~e:401230777~c:401230777,2020-08-09T21:00Z,0,True,False,False,False,[],2020-08-09T21:00Z,1,STD,7097,IMG Academy,Bradenton,FL,0,True,0.0,0.0,4,3,STATUS_FINAL,post,True,Final,Final,Final,9,s:40~l:59~t:9,New York,Liberty,NY,New York Liberty,Liberty,0d79b9,89c9bf,True,1830,https://a.espncdn.com/i/teamlogos/wnba/500/ny.png,17,s:40~l:59~t:17,Las Vegas,Aces,LV,Las Vegas Aces,Aces,000000,c7cfd4,True,780,https://a.espncdn.com/i/teamlogos/wnba/500/lv.png,2020,
0,401230778,s:40~l:59~e:401230778~c:401230778,2020-08-09T23:00Z,0,True,False,False,False,[],2020-08-09T23:00Z,1,STD,7097,IMG Academy,Bradenton,FL,0,True,0.0,0.0,4,3,STATUS_FINAL,post,True,Final,Final,Final,5,s:40~l:59~t:5,Indiana,Fever,IND,Indiana Fever,Fever,e2382f,08265b,True,2183,https://a.espncdn.com/i/teamlogos/wnba/500/ind.png,16,s:40~l:59~t:16,Washington,Mystics,WSH,Washington Mystics,Mystics,e03a3e,09295a,True,1823,https://a.espncdn.com/i/teamlogos/wnba/500/wsh.png,2020,
0,401230780,s:40~l:59~e:401230780~c:401230780,2020-08-10T22:00Z,0,True,False,False,False,[],2020-08-10T22:00Z,1,STD,7097,IMG Academy,Bradenton,FL,0,True,0.0,0.0,4,3,STATUS_FINAL,post,True,Final,Final,Final,20,s:40~l:59~t:20,Atlanta,Dream,ATL,Atlanta Dream,Dream,5190cd,f1f2f3,True,2206,https://a.espncdn.com/i/teamlogos/wnba/500/atl.png,18,s:40~l:59~t:18,Connecticut,Sun,CONN,Connecticut Sun,Sun,de6b36,002d62,True,2160,https://a.espncdn.com/i/teamlogos/wnba/500/conn.png,2020,
0,401230781,s:40~l:59~e:401230781~c:401230781,2020-08-10T23:00Z,0,True,False,False,False,[],2020-08-10T23:00Z,1,STD,7097,IMG Academy,Bradenton,FL,0,True,0.0,0.0,4,3,STATUS_FINAL,post,True,Final,Final,Final,3,s:40~l:59~t:3,Dallas,Wings,DAL,Dallas Wings,Wings,11213e,c5d646,True,3416,https://a.espncdn.com/i/teamlogos/wnba/500/dal.png,11,s:40~l:59~t:11,Phoenix,Mercury,PHX,Phoenix Mercury,Mercury,3a267d,e56020,True,1949,https://a.espncdn.com/i/teamlogos/wnba/500/phx.png,2020,
0,401230782,s:40~l:59~e:401230782~c:401230782,2020-08-11T01:00Z,0,True,False,False,False,[],2020-08-11T01:00Z,1,STD,7097,IMG Academy,Bradenton,FL,0,True,0.0,0.0,4,3,STATUS_FINAL,post,True,Final,Final,Final,14,s:40~l:59~t:14,Seattle,Storm,SEA,Seattle Storm,Storm,05452a,f7c43c,True,2184,https://a.espncdn.com/i/teamlogos/wnba/500/scoreboard/sea.png,19,s:40~l:59~t:19,Chicago,Sky,CHI,Chicago Sky,Sky,4f91cd,f1f2f3,True,977,https://a.espncdn.com/i/teamlogos/wnba/500/chi.png,2020,
0,401230784,s:40~l:59~e:401230784~c:401230784,2020-08-11T23:00Z,0,True,False,False,False,[],2020-08-11T23:00Z,1,STD,7097,IMG Academy,Bradenton,FL,0,True,0.0,0.0,4,3,STATUS_FINAL,post,True,Final,Final,Final,5,s:40~l:59~t:5,Indiana,Fever,IND,Indiana Fever,Fever,e2382f,08265b,True,2183,https://a.espncdn.com/i/teamlogos/wnba/500/ind.png,17,s:40~l:59~t:17,Las Vegas,Aces,LV,Las Vegas Aces,Aces,000000,c7cfd4,True,780,https://a.espncdn.com/i/teamlogos/wnba/500/lv.png,2020,
0,401230783,s:40~l:59~e:401230783~c:401230783,2020-08-12T01:00Z,0,True,False,False,False,[],2020-08-12T01:00Z,1,STD,7097,IMG Academy,Bradenton,FL,0,True,0.0,0.0,4,3,STATUS_FINAL,post,True,Final,Final,Final,8,s:40~l:59~t:8,Minnesota,Lynx,MIN,Minnesota Lynx,Lynx,005084,47a757,True,2029,https://a.espncdn.com/i/teamlogos/wnba/500/min.png,16,s:40~l:59~t:16,Washington,Mystics,WSH,Washington Mystics,Mystics,e03a3e,09295a,True,1823,https://a.espncdn.com/i/teamlogos/wnba/500/wsh.png,2020,
0,401230785,s:40~l:59~e:401230785~c:401230785,2020-08-12T02:00Z,0,True,False,False,False,[],2020-08-12T02:00Z,1,STD,7097,IMG Academy,Bradenton,FL,0,True,0.0,0.0,4,3,STATUS_FINAL,post,True,Final,Final,Final,6,s:40~l:59~t:6,Los Angeles,Sparks,LA,Los Angeles Sparks,Sparks,532481,49ac9c,True,1841,https://a.espncdn.com/i/teamlogos/wnba/500/la.png,9,s:40~l:59~t:9,New York,Liberty,NY,New York Liberty,Liberty,0d79b9,89c9bf,True,1830,https://a.espncdn.com/i/teamlogos/wnba/500/ny.png,2020,
0,401230786,s:40~l:59~e:401230786~c:401230786,2020-08-12T23:00Z,0,True,False,False,False,[],2020-08-12T23:00Z,1,STD,7097,IMG Academy,Bradenton,FL,0,True,0.0,0.0,4,3,STATUS_FINAL,post,True,Final,Final,Final,18,s:40~l:59~t:18,Connecticut,Sun,CONN,Connecticut Sun,Sun,de6b36,002d62,True,2160,https://a.espncdn.com/i/teamlogos/wnba/500/conn.png,3,s:40~l:59~t:3,Dallas,Wings,DAL,Dallas Wings,Wings,11213e,c5d646,True,3416,https://a.espncdn.com/i/teamlogos/wnba/500/dal.png,2020,
0,401230787,s:40~l:59~e:401230787~c:401230787,2020-08-13T01:00Z,0,True,False,False,False,[],2020-08-13T01:00Z,1,STD,7097,IMG Academy,Bradenton,FL,0,True,0.0,0.0,4,3,STATUS_FINAL,post,True,Final,Final,Final,19,s:40~l:59~t:19,Chicago,Sky,CHI,Chicago Sky,Sky,4f91cd,f1f2f3,True,977,https://a.espncdn.com/i/teamlogos/wnba/500/chi.png,11,s:40~l:59~t:11,Phoenix,Mercury,PHX,Phoenix Mercury,Mercury,3a267d,e56020,True,1949,https://a.espncdn.com/i/teamlogos/wnba/500/phx.png,2020,
0,401230788,s:40~l:59~e:401230788~c:401230788,2020-08-13T02:00Z,0,True,False,False,False,[],2020-08-13T02:00Z,1,STD,7097,IMG Academy,Bradenton,FL,0,True,0.0,0.0,4,3,STATUS_FINAL,post,True,Final,Final,Final,14,s:40~l:59~t:14,Seattle,Storm,SEA,Seattle Storm,Storm,05452a,f7c43c,True,2184,https://a.espncdn.com/i/teamlogos/wnba/500/scoreboard/sea.png,20,s:40~l:59~t:20,Atlanta,Dream,ATL,Atlanta Dream,Dream,5190cd,f1f2f3,True,2206,https://a.espncdn.com/i/teamlogos/wnba/500/atl.png,2020,
0,401230789,s:40~l:59~e:401230789~c:401230789,2020-08-13T22:00Z,0,True,False,False,False,[],2020-08-13T22:00Z,1,STD,7097,IMG Academy,Bradenton,FL,0,True,0.0,0.0,4,3,STATUS_FINAL,post,True,Final,Final,Final,9,s:40~l:59~t:9,New York,Liberty,NY,New York Liberty,Liberty,0d79b9,89c9bf,True,1830,https://a.espncdn.com/i/teamlogos/wnba/500/ny.png,5,s:40~l:59~t:5,Indiana,Fever,IND,Indiana Fever,Fever,e2382f,08265b,True,2183,https://a.espncdn.com/i/teamlogos/wnba/500/ind.png,2020,
0,401230790,s:40~l:59~e:401230790~c:401230790,2020-08-13T23:00Z,0,True,False,False,False,[],2020-08-13T23:00Z,1,STD,7097,IMG Academy,Bradenton,FL,0,True,0.0,0.0,4,3,STATUS_FINAL,post,True,Final,Final,Final,16,s:40~l:59~t:16,Washington,Mystics,WSH,Washington Mystics,Mystics,e03a3e,09295a,True,1823,https://a.espncdn.com/i/teamlogos/wnba/500/wsh.png,6,s:40~l:59~t:6,Los Angeles,Sparks,LA,Los Angeles Sparks,Sparks,532481,49ac9c,True,1841,https://a.espncdn.com/i/teamlogos/wnba/500/la.png,2020,
0,401230791,s:40~l:59~e:401230791~c:401230791,2020-08-14T01:00Z,0,True,False,False,False,[],2020-08-14T01:00Z,1,STD,7097,IMG Academy,Bradenton,FL,0,True,0.0,0.0,4,3,STATUS_FINAL,post,True,Final,Final,Final,17,s:40~l:59~t:17,Las Vegas,Aces,LV,Las Vegas Aces,Aces,000000,c7cfd4,True,780,https://a.espncdn.com/i/teamlogos/wnba/500/lv.png,8,s:40~l:59~t:8,Minnesota,Lynx,MIN,Minnesota Lynx,Lynx,005084,47a757,True,2029,https://a.espncdn.com/i/teamlogos/wnba/500/min.png,2020,
0,401230792,s:40~l:59~e:401230792~c:401230792,2020-08-14T23:00Z,0,True,False,False,False,[],2020-08-14T23:00Z,1,STD,7097,IMG Academy,Bradenton,FL,0,True,0.0,0.0,4,3,STATUS_FINAL,post,True,Final,Final,Final,19,s:40~l:59~t:19,Chicago,Sky,CHI,Chicago Sky,Sky,4f91cd,f1f2f3,True,977,https://a.espncdn.com/i/teamlogos/wnba/500/chi.png,18,s:40~l:59~t:18,Connecticut,Sun,CONN,Connecticut Sun,Sun,de6b36,002d62,True,2160,https://a.espncdn.com/i/teamlogos/wnba/500/conn.png,2020,
0,401230793,s:40~l:59~e:401230793~c:401230793,2020-08-15T00:00Z,0,True,False,False,False,[],2020-08-15T00:00Z,1,STD,7097,IMG Academy,Bradenton,FL,0,True,0.0,0.0,4,3,STATUS_FINAL,post,True,Final,Final,Final,3,s:40~l:59~t:3,Dallas,Wings,DAL,Dallas Wings,Wings,11213e,c5d646,True,3416,https://a.espncdn.com/i/teamlogos/wnba/500/dal.png,14,s:40~l:59~t:14,Seattle,Storm,SEA,Seattle Storm,Storm,05452a,f7c43c,True,2184,https://a.espncdn.com/i/teamlogos/wnba/500/scoreboard/sea.png,2020,
0,401230794,s:40~l:59~e:401230794~c:401230794,2020-08-15T02:00Z,0,True,False,False,False,[],2020-08-15T02:00Z,1,STD,7097,IMG Academy,Bradenton,FL,0,True,0.0,0.0,4,3,STATUS_FINAL,post,True,Final,Final,Final,11,s:40~l:59~t:11,Phoenix,Mercury,PHX,Phoenix Mercury,Mercury,3a267d,e56020,True,1949,https://a.espncdn.com/i/teamlogos/wnba/500/phx.png,20,s:40~l:59~t:20,Atlanta,Dream,ATL,Atlanta Dream,Dream,5190cd,f1f2f3,True,2206,https://a.espncdn.com/i/teamlogos/wnba/500/atl.png,2020,
0,401230797,s:40~l:59~e:401230797~c:401230797,2020-08-15T16:00Z,0,True,False,False,False,[],2020-08-15T16:00Z,1,STD,7097,IMG Academy,Bradenton,FL,0,True,0.0,0.0,4,3,STATUS_FINAL,post,True,Final,Final,Final,17,s:40~l:59~t:17,Las Vegas,Aces,LV,Las Vegas Aces,Aces,000000,c7cfd4,True,780,https://a.espncdn.com/i/teamlogos/wnba/500/lv.png,16,s:40~l:59~t:16,Washington,Mystics,WSH,Washington Mystics,Mystics,e03a3e,09295a,True,1823,https://a.espncdn.com/i/teamlogos/wnba/500/wsh.png,2020,
0,401230795,s:40~l:59~e:401230795~c:401230795,2020-08-15T18:00Z,0,True,False,False,False,[],2020-08-15T18:00Z,1,STD,7097,IMG Academy,Bradenton,FL,0,True,0.0,0.0,4,3,STATUS_FINAL,post,True,Final,Final,Final,5,s:40~l:59~t:5,Indiana,Fever,IND,Indiana Fever,Fever,e2382f,08265b,True,2183,https://a.espncdn.com/i/teamlogos/wnba/500/ind.png,6,s:40~l:59~t:6,Los Angeles,Sparks,LA,Los Angeles Sparks,Sparks,532481,49ac9c,True,1841,https://a.espncdn.com/i/teamlogos/wnba/500/la.png,2020,
0,401230796,s:40~l:59~e:401230796~c:401230796,2020-08-15T22:00Z,0,True,False,False,False,[],2020-08-15T22:00Z,1,STD,7097,IMG Academy,Bradenton,FL,0,True,0.0,0.0,4,3,STATUS_FINAL,post,True,Final,Final,Final,8,s:40~l:59~t:8,Minnesota,Lynx,MIN,Minnesota Lynx,Lynx,005084,47a757,True,2029,https://a.espncdn.com/i/teamlogos/wnba/500/min.png,9,s:40~l:59~t:9,New York,Liberty,NY,New York Liberty,Liberty,0d79b9,89c9bf,True,1830,https://a.espncdn.com/i/teamlogos/wnba/500/ny.png,2020,
0,401230822,s:40~l:59~e:401230822~c:401230822,2020-08-16T17:00Z,0,True,False,False,False,[],2020-08-16T17:00Z,1,STD,7097,IMG Academy,Bradenton,FL,0,True,0.0,0.0,4,3,STATUS_FINAL,post,True,Final,Final,Final,11,s:40~l:59~t:11,Phoenix,Mercury,PHX,Phoenix Mercury,Mercury,3a267d,e56020,True,1949,https://a.espncdn.com/i/teamlogos/wnba/500/phx.png,3,s:40~l:59~t:3,Dallas,Wings,DAL,Dallas Wings,Wings,11213e,c5d646,True,3416,https://a.espncdn.com/i/teamlogos/wnba/500/dal.png,2020,
0,401230821,s:40~l:59~e:401230821~c:401230821,2020-08-16T19:00Z,0,True,False,False,False,[],2020-08-16T19:00Z,1,STD,7097,IMG Academy,Bradenton,FL,0,True,0.0,0.0,4,3,STATUS_FINAL,post,True,Final,Final,Final,18,s:40~l:59~t:18,Connecticut,Sun,CONN,Connecticut Sun,Sun,de6b36,002d62,True,2160,https://a.espncdn.com/i/teamlogos/wnba/500/conn.png,14,s:40~l:59~t:14,Seattle,Storm,SEA,Seattle Storm,Storm,05452a,f7c43c,True,2184,https://a.espncdn.com/i/teamlogos/wnba/500/scoreboard/sea.png,2020,
0,401230820,s:40~l:59~e:401230820~c:401230820,2020-08-16T20:00Z,0,True,False,False,False,[],2020-08-16T20:00Z,1,STD,7097,IMG Academy,Bradenton,FL,0,True,0.0,0.0,4,3,STATUS_FINAL,post,True,Final,Final,Final,20,s:40~l:59~t:20,Atlanta,Dream,ATL,Atlanta Dream,Dream,5190cd,f1f2f3,True,2206,https://a.espncdn.com/i/teamlogos/wnba/500/atl.png,19,s:40~l:59~t:19,Chicago,Sky,CHI,Chicago Sky,Sky,4f91cd,f1f2f3,True,977,https://a.espncdn.com/i/teamlogos/wnba/500/chi.png,2020,
0,401230823,s:40~l:59~e:401230823~c:401230823,2020-08-18T23:00Z,0,True,False,False,False,[],2020-08-18T23:00Z,1,STD,7097,IMG Academy,Bradenton,FL,0,True,0.0,0.0,4,3,STATUS_FINAL,post,True,Final,Final,Final,18,s:40~l:59~t:18,Connecticut,Sun,CONN,Connecticut Sun,Sun,de6b36,002d62,True,2160,https://a.espncdn.com/i/teamlogos/wnba/500/conn.png,5,s:40~l:59~t:5,Indiana,Fever,IND,Indiana Fever,Fever,e2382f,08265b,True,2183,https://a.espncdn.com/i/teamlogos/wnba/500/ind.png,2020,
0,401230824,s:40~l:59~e:401230824~c:401230824,2020-08-19T01:00Z,0,True,False,False,False,[],2020-08-19T01:00Z,1,STD,7097,IMG Academy,Bradenton,FL,0,True,0.0,0.0,4,3,STATUS_FINAL,post,True,Final,Final,Final,19,s:40~l:59~t:19,Chicago,Sky,CHI,Chicago Sky,Sky,4f91cd,f1f2f3,True,977,https://a.espncdn.com/i/teamlogos/wnba/500/chi.png,17,s:40~l:59~t:17,Las Vegas,Aces,LV,Las Vegas Aces,Aces,000000,c7cfd4,True,780,https://a.espncdn.com/i/teamlogos/wnba/500/lv.png,2020,
0,401230825,s:40~l:59~e:401230825~c:401230825,2020-08-19T02:00Z,0,True,False,False,False,[],2020-08-19T02:00Z,1,STD,7097,IMG Academy,Bradenton,FL,0,True,0.0,0.0,4,3,STATUS_FINAL,post,True,Final,Final,Final,14,s:40~l:59~t:14,Seattle,Storm,SEA,Seattle Storm,Storm,05452a,f7c43c,True,2184,https://a.espncdn.com/i/teamlogos/wnba/500/scoreboard/sea.png,9,s:40~l:59~t:9,New York,Liberty,NY,New York Liberty,Liberty,0d79b9,89c9bf,True,1830,https://a.espncdn.com/i/teamlogos/wnba/500/ny.png,2020,
0,401230798,s:40~l:59~e:401230798~c:401230798,2020-08-19T23:00Z,0,True,False,False,False,[],2020-08-19T23:00Z,1,STD,7097,IMG Academy,Bradenton,FL,0,True,0.0,0.0,4,3,STATUS_FINAL,post,True,Final,Final,Final,16,s:40~l:59~t:16,Washington,Mystics,WSH,Washington Mystics,Mystics,e03a3e,09295a,True,1823,https://a.espncdn.com/i/teamlogos/wnba/500/wsh.png,20,s:40~l:59~t:20,Atlanta,Dream,ATL,Atlanta Dream,Dream,5190cd,f1f2f3,True,2206,https://a.espncdn.com/i/teamlogos/wnba/500/atl.png,2020,
0,401230826,s:40~l:59~e:401230826~c:401230826,2020-08-20T01:00Z,0,True,False,False,False,[],2020-08-20T01:00Z,1,STD,7097,IMG Academy,Bradenton,FL,0,True,0.0,0.0,4,3,STATUS_FINAL,post,True,Final,Final,Final,8,s:40~l:59~t:8,Minnesota,Lynx,MIN,Minnesota Lynx,Lynx,005084,47a757,True,2029,https://a.espncdn.com/i/teamlogos/wnba/500/min.png,3,s:40~l:59~t:3,Dallas,Wings,DAL,Dallas Wings,Wings,11213e,c5d646,True,3416,https://a.espncdn.com/i/teamlogos/wnba/500/dal.png,2020,
0,401230827,s:40~l:59~e:401230827~c:401230827,2020-08-20T02:00Z,0,True,False,False,False,[],2020-08-20T02:00Z,1,STD,7097,IMG Academy,Bradenton,FL,0,True,0.0,0.0,4,3,STATUS_FINAL,post,True,Final,Final,Final,6,s:40~l:59~t:6,Los Angeles,Sparks,LA,Los Angeles Sparks,Sparks,532481,49ac9c,True,1841,https://a.espncdn.com/i/teamlogos/wnba/500/la.png,11,s:40~l:59~t:11,Phoenix,Mercury,PHX,Phoenix Mercury,Mercury,3a267d,e56020,True,1949,https://a.espncdn.com/i/teamlogos/wnba/500/phx.png,2020,
0,401230799,s:40~l:59~e:401230799~c:401230799,2020-08-20T23:00Z,0,True,False,False,False,[],2020-08-20T23:00Z,1,STD,7097,IMG Academy,Bradenton,FL,0,True,0.0,0.0,4,3,STATUS_FINAL,post,True,Final,Final,Final,9,s:40~l:59~t:9,New York,Liberty,NY,New York Liberty,Liberty,0d79b9,89c9bf,True,1830,https://a.espncdn.com/i/teamlogos/wnba/500/ny.png,19,s:40~l:59~t:19,Chicago,Sky,CHI,Chicago Sky,Sky,4f91cd,f1f2f3,True,977,https://a.espncdn.com/i/teamlogos/wnba/500/chi.png,2020,
0,401230828,s:40~l:59~e:401230828~c:401230828,2020-08-21T00:00Z,0,True,False,False,False,[],2020-08-21T00:00Z,1,STD,7097,IMG Academy,Bradenton,FL,0,True,0.0,0.0,4,3,STATUS_FINAL,post,True,Final,Final,Final,5,s:40~l:59~t:5,Indiana,Fever,IND,Indiana Fever,Fever,e2382f,08265b,True,2183,https://a.espncdn.com/i/teamlogos/wnba/500/ind.png,14,s:40~l:59~t:14,Seattle,Storm,SEA,Seattle Storm,Storm,05452a,f7c43c,True,2184,https://a.espncdn.com/i/teamlogos/wnba/500/scoreboard/sea.png,2020,
0,401230800,s:40~l:59~e:401230800~c:401230800,2020-08-21T02:00Z,0,True,False,False,False,[],2020-08-21T02:00Z,1,STD,7097,IMG Academy,Bradenton,FL,0,True,0.0,0.0,4,3,STATUS_FINAL,post,True,Final,Final,Final,17,s:40~l:59~t:17,Las Vegas,Aces,LV,Las Vegas Aces,Aces,000000,c7cfd4,True,780,https://a.espncdn.com/i/teamlogos/wnba/500/lv.png,18,s:40~l:59~t:18,Connecticut,Sun,CONN,Connecticut Sun,Sun,de6b36,002d62,True,2160,https://a.espncdn.com/i/teamlogos/wnba/500/conn.png,2020,
0,401230829,s:40~l:59~e:401230829~c:401230829,2020-08-21T23:00Z,0,True,False,False,False,[],2020-08-21T23:00Z,1,STD,7097,IMG Academy,Bradenton,FL,0,True,0.0,0.0,5,3,STATUS_FINAL,post,True,Final,Final/OT,Final/OT,20,s:40~l:59~t:20,Atlanta,Dream,ATL,Atlanta Dream,Dream,5190cd,f1f2f3,True,2206,https://a.espncdn.com/i/teamlogos/wnba/500/atl.png,6,s:40~l:59~t:6,Los Angeles,Sparks,LA,Los Angeles Sparks,Sparks,532481,49ac9c,True,1841,https://a.espncdn.com/i/teamlogos/wnba/500/la.png,2020,OT
0,401230830,s:40~l:59~e:401230830~c:401230830,2020-08-22T00:00Z,0,True,False,False,False,[],2020-08-22T00:00Z,1,STD,7097,IMG Academy,Bradenton,FL,0,True,0.0,0.0,5,3,STATUS_FINAL,post,True,Final,Final/OT,Final/OT,3,s:40~l:59~t:3,Dallas,Wings,DAL,Dallas Wings,Wings,11213e,c5d646,True,3416,https://a.espncdn.com/i/teamlogos/wnba/500/dal.png,16,s:40~l:59~t:16,Washington,Mystics,WSH,Washington Mystics,Mystics,e03a3e,09295a,True,1823,https://a.espncdn.com/i/teamlogos/wnba/500/wsh.png,2020,OT
0,401230831,s:40~l:59~e:401230831~c:401230831,2020-08-22T02:00Z,0,True,False,False,False,[],2020-08-22T02:00Z,1,STD,7097,IMG Academy,Bradenton,FL,0,True,0.0,0.0,4,3,STATUS_FINAL,post,True,Final,Final,Final,11,s:40~l:59~t:11,Phoenix,Mercury,PHX,Phoenix Mercury,Mercury,3a267d,e56020,True,1949,https://a.espncdn.com/i/teamlogos/wnba/500/phx.png,8,s:40~l:59~t:8,Minnesota,Lynx,MIN,Minnesota Lynx,Lynx,005084,47a757,True,2029,https://a.espncdn.com/i/teamlogos/wnba/500/min.png,2020,
0,401230801,s:40~l:59~e:401230801~c:401230801,2020-08-22T19:00Z,0,True,False,False,False,[],2020-08-22T19:00Z,1,STD,7097,IMG Academy,Bradenton,FL,0,True,0.0,0.0,4,3,STATUS_FINAL,post,True,Final,Final,Final,17,s:40~l:59~t:17,Las Vegas,Aces,LV,Las Vegas Aces,Aces,000000,c7cfd4,True,780,https://a.espncdn.com/i/teamlogos/wnba/500/lv.png,14,s:40~l:59~t:14,Seattle,Storm,SEA,Seattle Storm,Storm,05452a,f7c43c,True,2184,https://a.espncdn.com/i/teamlogos/wnba/500/scoreboard/sea.png,2020,
0,401230832,s:40~l:59~e:401230832~c:401230832,2020-08-22T21:00Z,0,True,False,False,False,[],2020-08-22T21:00Z,1,STD,7097,IMG Academy,Bradenton,FL,0,True,0.0,0.0,4,3,STATUS_FINAL,post,True,Final,Final,Final,19,s:40~l:59~t:19,Chicago,Sky,CHI,Chicago Sky,Sky,4f91cd,f1f2f3,True,977,https://a.espncdn.com/i/teamlogos/wnba/500/chi.png,5,s:40~l:59~t:5,Indiana,Fever,IND,Indiana Fever,Fever,e2382f,08265b,True,2183,https://a.espncdn.com/i/teamlogos/wnba/500/ind.png,2020,
0,401230833,s:40~l:59~e:401230833~c:401230833,2020-08-22T23:00Z,0,True,False,False,False,[],2020-08-22T23:00Z,1,STD,7097,IMG Academy,Bradenton,FL,0,True,0.0,0.0,4,3,STATUS_FINAL,post,True,Final,Final,Final,18,s:40~l:59~t:18,Connecticut,Sun,CONN,Connecticut Sun,Sun,de6b36,002d62,True,2160,https://a.espncdn.com/i/teamlogos/wnba/500/conn.png,9,s:40~l:59~t:9,New York,Liberty,NY,New York Liberty,Liberty,0d79b9,89c9bf,True,1830,https://a.espncdn.com/i/teamlogos/wnba/500/ny.png,2020,
0,401230834,s:40~l:59~e:401230834~c:401230834,2020-08-23T20:00Z,0,True,False,False,False,[],2020-08-23T20:00Z,1,STD,7097,IMG Academy,Bradenton,FL,0,True,0.0,0.0,4,3,STATUS_FINAL,post,True,Final,Final,Final,8,s:40~l:59~t:8,Minnesota,Lynx,MIN,Minnesota Lynx,Lynx,005084,47a757,True,2029,https://a.espncdn.com/i/teamlogos/wnba/500/min.png,20,s:40~l:59~t:20,Atlanta,Dream,ATL,Atlanta Dream,Dream,5190cd,f1f2f3,True,2206,https://a.espncdn.com/i/teamlogos/wnba/500/atl.png,2020,
0,401230835,s:40~l:59~e:401230835~c:401230835,2020-08-23T22:00Z,0,True,False,False,False,[],2020-08-23T22:00Z,1,STD,7097,IMG Academy,Bradenton,FL,0,True,0.0,0.0,4,3,STATUS_FINAL,post,True,Final,Final,Final,6,s:40~l:59~t:6,Los Angeles,Sparks,LA,Los Angeles Sparks,Sparks,532481,49ac9c,True,1841,https://a.espncdn.com/i/teamlogos/wnba/500/la.png,3,s:40~l:59~t:3,Dallas,Wings,DAL,Dallas Wings,Wings,11213e,c5d646,True,3416,https://a.espncdn.com/i/teamlogos/wnba/500/dal.png,2020,
0,401230836,s:40~l:59~e:401230836~c:401230836,2020-08-24T00:00Z,0,True,False,False,False,[],2020-08-24T00:00Z,1,STD,7097,IMG Academy,Bradenton,FL,0,True,0.0,0.0,4,3,STATUS_FINAL,post,True,Final,Final,Final,16,s:40~l:59~t:16,Washington,Mystics,WSH,Washington Mystics,Mystics,e03a3e,09295a,True,1823,https://a.espncdn.com/i/teamlogos/wnba/500/wsh.png,11,s:40~l:59~t:11,Phoenix,Mercury,PHX,Phoenix Mercury,Mercury,3a267d,e56020,True,1949,https://a.espncdn.com/i/teamlogos/wnba/500/phx.png,2020,
0,401230837,s:40~l:59~e:401230837~c:401230837,2020-08-25T23:00Z,0,True,False,False,False,[],2020-08-25T23:00Z,1,STD,7097,IMG Academy,Bradenton,FL,0,True,0.0,0.0,4,3,STATUS_FINAL,post,True,Final,Final,Final,19,s:40~l:59~t:19,Chicago,Sky,CHI,Chicago Sky,Sky,4f91cd,f1f2f3,True,977,https://a.espncdn.com/i/teamlogos/wnba/500/chi.png,9,s:40~l:59~t:9,New York,Liberty,NY,New York Liberty,Liberty,0d79b9,89c9bf,True,1830,https://a.espncdn.com/i/teamlogos/wnba/500/ny.png,2020,
0,401230838,s:40~l:59~e:401230838~c:401230838,2020-08-26T01:00Z,0,True,False,False,False,[],2020-08-26T01:00Z,1,STD,7097,IMG Academy,Bradenton,FL,0,True,0.0,0.0,4,3,STATUS_FINAL,post,True,Final,Final,Final,3,s:40~l:59~t:3,Dallas,Wings,DAL,Dallas Wings,Wings,11213e,c5d646,True,3416,https://a.espncdn.com/i/teamlogos/wnba/500/dal.png,17,s:40~l:59~t:17,Las Vegas,Aces,LV,Las Vegas Aces,Aces,000000,c7cfd4,True,780,https://a.espncdn.com/i/teamlogos/wnba/500/lv.png,2020,
0,401230839,s:40~l:59~e:401230839~c:401230839,2020-08-26T02:00Z,0,True,False,False,False,[],2020-08-26T02:00Z,1,STD,7097,IMG Academy,Bradenton,FL,0,True,0.0,0.0,4,3,STATUS_FINAL,post,True,Final,Final,Final,14,s:40~l:59~t:14,Seattle,Storm,SEA,Seattle Storm,Storm,05452a,f7c43c,True,2184,https://a.espncdn.com/i/teamlogos/wnba/500/scoreboard/sea.png,5,s:40~l:59~t:5,Indiana,Fever,IND,Indiana Fever,Fever,e2382f,08265b,True,2183,https://a.espncdn.com/i/teamlogos/wnba/500/ind.png,2020,
0,401230840,s:40~l:59~e:401230840~c:401230840,2020-08-26T23:00Z,0,True,False,False,True,"[{'type': 'event', 'headline': 'MAKEUP DATE SEPT 13'}]",2020-08-26T23:00Z,1,STD,7097,IMG Academy,Bradenton,FL,0,True,0.0,0.0,0,1,STATUS_SCHEDULED,pre,False,Scheduled,"Wed, August 26th at 7:00 PM EDT",8/26 - 7:00 PM EDT,20,s:40~l:59~t:20,Atlanta,Dream,ATL,Atlanta Dream,Dream,5190cd,f1f2f3,True,2206,https://a.espncdn.com/i/teamlogos/wnba/500/atl.png,16,s:40~l:59~t:16,Washington,Mystics,WSH,Washington Mystics,Mystics,e03a3e,09295a,True,1823,https://a.espncdn.com/i/teamlogos/wnba/500/wsh.png,2020,
0,401230802,s:40~l:59~e:401230802~c:401230802,2020-08-27T00:00Z,0,True,False,False,False,"[{'type': 'event', 'headline': 'MAKEUP DATE AUG 31'}]",2020-08-27T00:00Z,1,STD,7097,IMG Academy,Bradenton,FL,0,True,0.0,0.0,0,6,STATUS_POSTPONED,post,False,Postponed,Postponed,Postponed,8,s:40~l:59~t:8,Minnesota,Lynx,MIN,Minnesota Lynx,Lynx,005084,47a757,True,2029,https://a.espncdn.com/i/teamlogos/wnba/500/min.png,6,s:40~l:59~t:6,Los Angeles,Sparks,LA,Los Angeles Sparks,Sparks,532481,49ac9c,True,1841,https://a.espncdn.com/i/teamlogos/wnba/500/la.png,2020,
0,401230803,s:40~l:59~e:401230803~c:401230803,2020-08-27T02:00Z,0,True,False,False,False,"[{'type': 'event', 'headline': 'MAKEUP DATE SEPT 7'}]",2020-08-27T02:00Z,1,STD,7097,IMG Academy,Bradenton,FL,0,True,0.0,0.0,0,6,STATUS_POSTPONED,post,False,Postponed,Postponed,Postponed,11,s:40~l:59~t:11,Phoenix,Mercury,PHX,Phoenix Mercury,Mercury,3a267d,e56020,True,1949,https://a.espncdn.com/i/teamlogos/wnba/500/phx.png,18,s:40~l:59~t:18,Connecticut,Sun,CONN,Connecticut Sun,Sun,de6b36,002d62,True,2160,https://a.espncdn.com/i/teamlogos/wnba/500/conn.png,2020,
0,401230804,s:40~l:59~e:401230804~c:401230804,2020-08-27T23:00Z,0,True,False,False,False,"[{'type': 'event', 'headline': 'MAKEUP DATE AUG 31'}]",2020-08-27T23:00Z,1,STD,7097,IMG Academy,Bradenton,FL,0,True,0.0,0.0,0,6,STATUS_POSTPONED,post,False,Postponed,Postponed,Postponed,5,s:40~l:59~t:5,Indiana,Fever,IND,Indiana Fever,Fever,e2382f,08265b,True,2183,https://a.espncdn.com/i/teamlogos/wnba/500/ind.png,19,s:40~l:59~t:19,Chicago,Sky,CHI,Chicago Sky,Sky,4f91cd,f1f2f3,True,977,https://a.espncdn.com/i/teamlogos/wnba/500/chi.png,2020,
0,401230841,s:40~l:59~e:401230841~c:401230841,2020-08-28T00:00Z,0,True,False,False,False,"[{'type': 'event', 'headline': 'MAKEUP DATE SEPT 13'}]",2020-08-28T00:00Z,1,STD,7097,IMG Academy,Bradenton,FL,0,True,0.0,0.0,0,6,STATUS_POSTPONED,post,False,Postponed,Postponed,Postponed,9,s:40~l:59~t:9,New York,Liberty,NY,New York Liberty,Liberty,0d79b9,89c9bf,True,1830,https://a.espncdn.com/i/teamlogos/wnba/500/ny.png,3,s:40~l:59~t:3,Dallas,Wings,DAL,Dallas Wings,Wings,11213e,c5d646,True,3416,https://a.espncdn.com/i/teamlogos/wnba/500/dal.png,2020,
0,401230842,s:40~l:59~e:401230842~c:401230842,2020-08-28T02:00Z,0,True,False,False,False,"[{'type': 'event', 'headline': 'MAKEUP DATE SEPT 13'}]",2020-08-28T02:00Z,1,STD,7097,IMG Academy,Bradenton,FL,0,True,0.0,0.0,0,6,STATUS_POSTPONED,post,False,Postponed,Postponed,Postponed,14,s:40~l:59~t:14,Seattle,Storm,SEA,Seattle Storm,Storm,05452a,f7c43c,True,2184,https://a.espncdn.com/i/teamlogos/wnba/500/scoreboard/sea.png,17,s:40~l:59~t:17,Las Vegas,Aces,LV,Las Vegas Aces,Aces,000000,c7cfd4,True,780,https://a.espncdn.com/i/teamlogos/wnba/500/lv.png,2020,
0,401230843,s:40~l:59~e:401230843~c:401230843,2020-08-28T23:00Z,0,True,False,False,False,[],2020-08-28T23:00Z,1,STD,7097,IMG Academy,Bradenton,FL,0,True,0.0,0.0,4,3,STATUS_FINAL,post,True,Final,Final,Final,20,s:40~l:59~t:20,Atlanta,Dream,ATL,Atlanta Dream,Dream,5190cd,f1f2f3,True,2206,https://a.espncdn.com/i/teamlogos/wnba/500/atl.png,8,s:40~l:59~t:8,Minnesota,Lynx,MIN,Minnesota Lynx,Lynx,005084,47a757,True,2029,https://a.espncdn.com/i/teamlogos/wnba/500/min.png,2020,
0,401230844,s:40~l:59~e:401230844~c:401230844,2020-08-29T00:00Z,0,True,False,False,False,[],2020-08-29T00:00Z,1,STD,7097,IMG Academy,Bradenton,FL,0,True,0.0,0.0,4,3,STATUS_FINAL,post,True,Final,Final,Final,18,s:40~l:59~t:18,Connecticut,Sun,CONN,Connecticut Sun,Sun,de6b36,002d62,True,2160,https://a.espncdn.com/i/teamlogos/wnba/500/conn.png,6,s:40~l:59~t:6,Los Angeles,Sparks,LA,Los Angeles Sparks,Sparks,532481,49ac9c,True,1841,https://a.espncdn.com/i/teamlogos/wnba/500/la.png,2020,
0,401230845,s:40~l:59~e:401230845~c:401230845,2020-08-29T02:00Z,0,True,False,False,False,[],2020-08-29T02:00Z,1,STD,7097,IMG Academy,Bradenton,FL,0,True,0.0,0.0,4,3,STATUS_FINAL,post,True,Final,Final,Final,11,s:40~l:59~t:11,Phoenix,Mercury,PHX,Phoenix Mercury,Mercury,3a267d,e56020,True,1949,https://a.espncdn.com/i/teamlogos/wnba/500/phx.png,16,s:40~l:59~t:16,Washington,Mystics,WSH,Washington Mystics,Mystics,e03a3e,09295a,True,1823,https://a.espncdn.com/i/teamlogos/wnba/500/wsh.png,2020,
0,401230807,s:40~l:59~e:401230807~c:401230807,2020-08-29T16:00Z,0,True,False,False,False,[],2020-08-29T16:00Z,1,STD,7097,IMG Academy,Bradenton,FL,0,True,0.0,0.0,4,3,STATUS_FINAL,post,True,Final,Final,Final,17,s:40~l:59~t:17,Las Vegas,Aces,LV,Las Vegas Aces,Aces,000000,c7cfd4,True,780,https://a.espncdn.com/i/teamlogos/wnba/500/lv.png,9,s:40~l:59~t:9,New York,Liberty,NY,New York Liberty,Liberty,0d79b9,89c9bf,True,1830,https://a.espncdn.com/i/teamlogos/wnba/500/ny.png,2020,
0,401230806,s:40~l:59~e:401230806~c:401230806,2020-08-29T18:00Z,0,True,False,False,False,[],2020-08-29T18:00Z,1,STD,7097,IMG Academy,Bradenton,FL,0,True,0.0,0.0,4,3,STATUS_FINAL,post,True,Final,Final,Final,19,s:40~l:59~t:19,Chicago,Sky,CHI,Chicago Sky,Sky,4f91cd,f1f2f3,True,977,https://a.espncdn.com/i/teamlogos/wnba/500/chi.png,14,s:40~l:59~t:14,Seattle,Storm,SEA,Seattle Storm,Storm,05452a,f7c43c,True,2184,https://a.espncdn.com/i/teamlogos/wnba/500/scoreboard/sea.png,2020,
0,401230805,s:40~l:59~e:401230805~c:401230805,2020-08-29T20:00Z,0,True,False,False,False,[],2020-08-29T20:00Z,1,STD,7097,IMG Academy,Bradenton,FL,0,True,0.0,0.0,4,3,STATUS_FINAL,post,True,Final,Final,Final,5,s:40~l:59~t:5,Indiana,Fever,IND,Indiana Fever,Fever,e2382f,08265b,True,2183,https://a.espncdn.com/i/teamlogos/wnba/500/ind.png,3,s:40~l:59~t:3,Dallas,Wings,DAL,Dallas Wings,Wings,11213e,c5d646,True,3416,https://a.espncdn.com/i/teamlogos/wnba/500/dal.png,2020,
0,401230846,s:40~l:59~e:401230846~c:401230846,2020-08-30T20:00Z,0,True,False,False,False,[],2020-08-30T20:00Z,1,STD,7097,IMG Academy,Bradenton,FL,0,True,0.0,0.0,4,3,STATUS_FINAL,post,True,Final,Final,Final,16,s:40~l:59~t:16,Washington,Mystics,WSH,Washington Mystics,Mystics,e03a3e,09295a,True,1823,https://a.espncdn.com/i/teamlogos/wnba/500/wsh.png,18,s:40~l:59~t:18,Connecticut,Sun,CONN,Connecticut Sun,Sun,de6b36,002d62,True,2160,https://a.espncdn.com/i/teamlogos/wnba/500/conn.png,2020,
0,401230847,s:40~l:59~e:401230847~c:401230847,2020-08-30T22:00Z,0,True,False,False,False,[],2020-08-30T22:00Z,1,STD,7097,IMG Academy,Bradenton,FL,0,True,0.0,0.0,4,3,STATUS_FINAL,post,True,Final,Final,Final,8,s:40~l:59~t:8,Minnesota,Lynx,MIN,Minnesota Lynx,Lynx,005084,47a757,True,2029,https://a.espncdn.com/i/teamlogos/wnba/500/min.png,11,s:40~l:59~t:11,Phoenix,Mercury,PHX,Phoenix Mercury,Mercury,3a267d,e56020,True,1949,https://a.espncdn.com/i/teamlogos/wnba/500/phx.png,2020,
0,401230808,s:40~l:59~e:401230808~c:401230808,2020-08-31T00:00Z,0,True,False,False,False,[],2020-08-31T00:00Z,1,STD,7097,IMG Academy,Bradenton,FL,0,True,0.0,0.0,4,3,STATUS_FINAL,post,True,Final,Final,Final,6,s:40~l:59~t:6,Los Angeles,Sparks,LA,Los Angeles Sparks,Sparks,532481,49ac9c,True,1841,https://a.espncdn.com/i/teamlogos/wnba/500/la.png,20,s:40~l:59~t:20,Atlanta,Dream,ATL,Atlanta Dream,Dream,5190cd,f1f2f3,True,2206,https://a.espncdn.com/i/teamlogos/wnba/500/atl.png,2020,
0,401241306,s:40~l:59~e:401241306~c:401241306,2020-08-31T22:00Z,0,True,False,False,False,"[{'type': 'event', 'headline': 'RESCHEDULED FROM AUG 27'}]",2020-08-31T22:00Z,1,STD,7097,IMG Academy,Bradenton,FL,0,True,0.0,0.0,4,3,STATUS_FINAL,post,True,Final,Final,Final,5,s:40~l:59~t:5,Indiana,Fever,IND,Indiana Fever,Fever,e2382f,08265b,True,2183,https://a.espncdn.com/i/teamlogos/wnba/500/ind.png,19,s:40~l:59~t:19,Chicago,Sky,CHI,Chicago Sky,Sky,4f91cd,f1f2f3,True,977,https://a.espncdn.com/i/teamlogos/wnba/500/chi.png,2020,
0,401241307,s:40~l:59~e:401241307~c:401241307,2020-09-01T02:00Z,0,True,False,False,False,"[{'type': 'event', 'headline': 'RESCHEDULED FROM AUG 26'}]",2020-09-01T02:00Z,1,STD,7097,IMG Academy,Bradenton,FL,0,True,0.0,0.0,4,3,STATUS_FINAL,post,True,Final,Final,Final,8,s:40~l:59~t:8,Minnesota,Lynx,MIN,Minnesota Lynx,Lynx,005084,47a757,True,2029,https://a.espncdn.com/i/teamlogos/wnba/500/min.png,6,s:40~l:59~t:6,Los Angeles,Sparks,LA,Los Angeles Sparks,Sparks,532481,49ac9c,True,1841,https://a.espncdn.com/i/teamlogos/wnba/500/la.png,2020,
0,401230848,s:40~l:59~e:401230848~c:401230848,2020-09-01T23:00Z,0,True,False,False,False,[],2020-09-01T23:00Z,1,STD,7097,IMG Academy,Bradenton,FL,0,True,0.0,0.0,4,3,STATUS_FINAL,post,True,Final,Final,Final,9,s:40~l:59~t:9,New York,Liberty,NY,New York Liberty,Liberty,0d79b9,89c9bf,True,1830,https://a.espncdn.com/i/teamlogos/wnba/500/ny.png,18,s:40~l:59~t:18,Connecticut,Sun,CONN,Connecticut Sun,Sun,de6b36,002d62,True,2160,https://a.espncdn.com/i/teamlogos/wnba/500/conn.png,2020,
0,401230849,s:40~l:59~e:401230849~c:401230849,2020-09-02T00:00Z,0,True,False,False,False,[],2020-09-02T00:00Z,1,STD,7097,IMG Academy,Bradenton,FL,0,True,0.0,0.0,4,3,STATUS_FINAL,post,True,Final,Final,Final,20,s:40~l:59~t:20,Atlanta,Dream,ATL,Atlanta Dream,Dream,5190cd,f1f2f3,True,2206,https://a.espncdn.com/i/teamlogos/wnba/500/atl.png,5,s:40~l:59~t:5,Indiana,Fever,IND,Indiana Fever,Fever,e2382f,08265b,True,2183,https://a.espncdn.com/i/teamlogos/wnba/500/ind.png,2020,
0,401230850,s:40~l:59~e:401230850~c:401230850,2020-09-02T02:00Z,0,True,False,False,False,[],2020-09-02T02:00Z,1,STD,7097,IMG Academy,Bradenton,FL,0,True,0.0,0.0,4,3,STATUS_FINAL,post,True,Final,Final,Final,17,s:40~l:59~t:17,Las Vegas,Aces,LV,Las Vegas Aces,Aces,000000,c7cfd4,True,780,https://a.espncdn.com/i/teamlogos/wnba/500/lv.png,11,s:40~l:59~t:11,Phoenix,Mercury,PHX,Phoenix Mercury,Mercury,3a267d,e56020,True,1949,https://a.espncdn.com/i/teamlogos/wnba/500/phx.png,2020,
0,401230851,s:40~l:59~e:401230851~c:401230851,2020-09-02T23:00Z,0,True,False,False,False,[],2020-09-02T23:00Z,1,STD,7097,IMG Academy,Bradenton,FL,0,True,0.0,0.0,4,3,STATUS_FINAL,post,True,Final,Final,Final,19,s:40~l:59~t:19,Chicago,Sky,CHI,Chicago Sky,Sky,4f91cd,f1f2f3,True,977,https://a.espncdn.com/i/teamlogos/wnba/500/chi.png,8,s:40~l:59~t:8,Minnesota,Lynx,MIN,Minnesota Lynx,Lynx,005084,47a757,True,2029,https://a.espncdn.com/i/teamlogos/wnba/500/min.png,2020,
0,401230809,s:40~l:59~e:401230809~c:401230809,2020-09-03T00:00Z,0,True,False,False,False,[],2020-09-03T00:00Z,1,STD,7097,IMG Academy,Bradenton,FL,0,True,0.0,0.0,4,3,STATUS_FINAL,post,True,Final,Final,Final,3,s:40~l:59~t:3,Dallas,Wings,DAL,Dallas Wings,Wings,11213e,c5d646,True,3416,https://a.espncdn.com/i/teamlogos/wnba/500/dal.png,6,s:40~l:59~t:6,Los Angeles,Sparks,LA,Los Angeles Sparks,Sparks,532481,49ac9c,True,1841,https://a.espncdn.com/i/teamlogos/wnba/500/la.png,2020,
0,401230852,s:40~l:59~e:401230852~c:401230852,2020-09-03T02:00Z,0,True,False,False,False,[],2020-09-03T02:00Z,1,STD,7097,IMG Academy,Bradenton,FL,0,True,0.0,0.0,4,3,STATUS_FINAL,post,True,Final,Final,Final,14,s:40~l:59~t:14,Seattle,Storm,SEA,Seattle Storm,Storm,05452a,f7c43c,True,2184,https://a.espncdn.com/i/teamlogos/wnba/500/scoreboard/sea.png,16,s:40~l:59~t:16,Washington,Mystics,WSH,Washington Mystics,Mystics,e03a3e,09295a,True,1823,https://a.espncdn.com/i/teamlogos/wnba/500/wsh.png,2020,
0,401230810,s:40~l:59~e:401230810~c:401230810,2020-09-03T22:30Z,0,True,False,False,False,[],2020-09-03T22:30Z,1,STD,7097,IMG Academy,Bradenton,FL,0,True,0.0,0.0,4,3,STATUS_FINAL,post,True,Final,Final,Final,9,s:40~l:59~t:9,New York,Liberty,NY,New York Liberty,Liberty,0d79b9,89c9bf,True,1830,https://a.espncdn.com/i/teamlogos/wnba/500/ny.png,20,s:40~l:59~t:20,Atlanta,Dream,ATL,Atlanta Dream,Dream,5190cd,f1f2f3,True,2206,https://a.espncdn.com/i/teamlogos/wnba/500/atl.png,2020,
0,401230811,s:40~l:59~e:401230811~c:401230811,2020-09-04T00:00Z,0,True,False,False,False,[],2020-09-04T00:00Z,1,STD,7097,IMG Academy,Bradenton,FL,0,True,0.0,0.0,4,3,STATUS_FINAL,post,True,Final,Final,Final,18,s:40~l:59~t:18,Connecticut,Sun,CONN,Connecticut Sun,Sun,de6b36,002d62,True,2160,https://a.espncdn.com/i/teamlogos/wnba/500/conn.png,17,s:40~l:59~t:17,Las Vegas,Aces,LV,Las Vegas Aces,Aces,000000,c7cfd4,True,780,https://a.espncdn.com/i/teamlogos/wnba/500/lv.png,2020,
0,401230812,s:40~l:59~e:401230812~c:401230812,2020-09-04T02:00Z,0,True,False,False,False,[],2020-09-04T02:00Z,1,STD,7097,IMG Academy,Bradenton,FL,0,True,0.0,0.0,4,3,STATUS_FINAL,post,True,Final,Final,Final,11,s:40~l:59~t:11,Phoenix,Mercury,PHX,Phoenix Mercury,Mercury,3a267d,e56020,True,1949,https://a.espncdn.com/i/teamlogos/wnba/500/phx.png,5,s:40~l:59~t:5,Indiana,Fever,IND,Indiana Fever,Fever,e2382f,08265b,True,2183,https://a.espncdn.com/i/teamlogos/wnba/500/ind.png,2020,
0,401230853,s:40~l:59~e:401230853~c:401230853,2020-09-04T23:00Z,0,True,False,False,False,[],2020-09-04T23:00Z,1,STD,7097,IMG Academy,Bradenton,FL,0,True,0.0,0.0,4,3,STATUS_FINAL,post,True,Final,Final,Final,16,s:40~l:59~t:16,Washington,Mystics,WSH,Washington Mystics,Mystics,e03a3e,09295a,True,1823,https://a.espncdn.com/i/teamlogos/wnba/500/wsh.png,19,s:40~l:59~t:19,Chicago,Sky,CHI,Chicago Sky,Sky,4f91cd,f1f2f3,True,977,https://a.espncdn.com/i/teamlogos/wnba/500/chi.png,2020,
0,401230854,s:40~l:59~e:401230854~c:401230854,2020-09-05T00:00Z,0,True,False,False,False,[],2020-09-05T00:00Z,1,STD,7097,IMG Academy,Bradenton,FL,0,True,0.0,0.0,4,3,STATUS_FINAL,post,True,Final,Final,Final,3,s:40~l:59~t:3,Dallas,Wings,DAL,Dallas Wings,Wings,11213e,c5d646,True,3416,https://a.espncdn.com/i/teamlogos/wnba/500/dal.png,8,s:40~l:59~t:8,Minnesota,Lynx,MIN,Minnesota Lynx,Lynx,005084,47a757,True,2029,https://a.espncdn.com/i/teamlogos/wnba/500/min.png,2020,
0,401230813,s:40~l:59~e:401230813~c:401230813,2020-09-05T02:00Z,0,True,False,False,False,[],2020-09-05T02:00Z,1,STD,7097,IMG Academy,Bradenton,FL,0,True,0.0,0.0,4,3,STATUS_FINAL,post,True,Final,Final,Final,6,s:40~l:59~t:6,Los Angeles,Sparks,LA,Los Angeles Sparks,Sparks,532481,49ac9c,True,1841,https://a.espncdn.com/i/teamlogos/wnba/500/la.png,14,s:40~l:59~t:14,Seattle,Storm,SEA,Seattle Storm,Storm,05452a,f7c43c,True,2184,https://a.espncdn.com/i/teamlogos/wnba/500/scoreboard/sea.png,2020,
0,401230855,s:40~l:59~e:401230855~c:401230855,2020-09-05T20:00Z,0,True,False,False,False,[],2020-09-05T20:00Z,1,STD,7097,IMG Academy,Bradenton,FL,0,True,0.0,0.0,4,3,STATUS_FINAL,post,True,Final,Final,Final,5,s:40~l:59~t:5,Indiana,Fever,IND,Indiana Fever,Fever,e2382f,08265b,True,2183,https://a.espncdn.com/i/teamlogos/wnba/500/ind.png,18,s:40~l:59~t:18,Connecticut,Sun,CONN,Connecticut Sun,Sun,de6b36,002d62,True,2160,https://a.espncdn.com/i/teamlogos/wnba/500/conn.png,2020,
0,401230814,s:40~l:59~e:401230814~c:401230814,2020-09-05T22:00Z,0,True,False,False,False,[],2020-09-05T22:00Z,1,STD,7097,IMG Academy,Bradenton,FL,0,True,0.0,0.0,4,3,STATUS_FINAL,post,True,Final,Final,Final,20,s:40~l:59~t:20,Atlanta,Dream,ATL,Atlanta Dream,Dream,5190cd,f1f2f3,True,2206,https://a.espncdn.com/i/teamlogos/wnba/500/atl.png,17,s:40~l:59~t:17,Las Vegas,Aces,LV,Las Vegas Aces,Aces,000000,c7cfd4,True,780,https://a.espncdn.com/i/teamlogos/wnba/500/lv.png,2020,
0,401230815,s:40~l:59~e:401230815~c:401230815,2020-09-06T00:00Z,0,True,False,False,False,[],2020-09-06T00:00Z,1,STD,7097,IMG Academy,Bradenton,FL,0,True,0.0,0.0,4,3,STATUS_FINAL,post,True,Final,Final,Final,11,s:40~l:59~t:11,Phoenix,Mercury,PHX,Phoenix Mercury,Mercury,3a267d,e56020,True,1949,https://a.espncdn.com/i/teamlogos/wnba/500/phx.png,9,s:40~l:59~t:9,New York,Liberty,NY,New York Liberty,Liberty,0d79b9,89c9bf,True,1830,https://a.espncdn.com/i/teamlogos/wnba/500/ny.png,2020,
0,401230856,s:40~l:59~e:401230856~c:401230856,2020-09-06T20:00Z,0,True,False,False,False,[],2020-09-06T20:00Z,1,STD,7097,IMG Academy,Bradenton,FL,0,True,0.0,0.0,5,3,STATUS_FINAL,post,True,Final,Final/OT,Final/OT,16,s:40~l:59~t:16,Washington,Mystics,WSH,Washington Mystics,Mystics,e03a3e,09295a,True,1823,https://a.espncdn.com/i/teamlogos/wnba/500/wsh.png,3,s:40~l:59~t:3,Dallas,Wings,DAL,Dallas Wings,Wings,11213e,c5d646,True,3416,https://a.espncdn.com/i/teamlogos/wnba/500/dal.png,2020,OT
0,401230857,s:40~l:59~e:401230857~c:401230857,2020-09-06T22:00Z,0,True,False,False,False,[],2020-09-06T22:00Z,1,STD,7097,IMG Academy,Bradenton,FL,0,True,0.0,0.0,4,3,STATUS_FINAL,post,True,Final,Final,Final,8,s:40~l:59~t:8,Minnesota,Lynx,MIN,Minnesota Lynx,Lynx,005084,47a757,True,2029,https://a.espncdn.com/i/teamlogos/wnba/500/min.png,14,s:40~l:59~t:14,Seattle,Storm,SEA,Seattle Storm,Storm,05452a,f7c43c,True,2184,https://a.espncdn.com/i/teamlogos/wnba/500/scoreboard/sea.png,2020,
0,401230858,s:40~l:59~e:401230858~c:401230858,2020-09-07T00:00Z,0,True,False,False,False,[],2020-09-07T00:00Z,1,STD,7097,IMG Academy,Bradenton,FL,0,True,0.0,0.0,4,3,STATUS_FINAL,post,True,Final,Final,Final,6,s:40~l:59~t:6,Los Angeles,Sparks,LA,Los Angeles Sparks,Sparks,532481,49ac9c,True,1841,https://a.espncdn.com/i/teamlogos/wnba/500/la.png,19,s:40~l:59~t:19,Chicago,Sky,CHI,Chicago Sky,Sky,4f91cd,f1f2f3,True,977,https://a.espncdn.com/i/teamlogos/wnba/500/chi.png,2020,
0,401241308,s:40~l:59~e:401241308~c:401241308,2020-09-07T22:00Z,0,True,False,False,False,"[{'type': 'event', 'headline': 'RESCHEDULED FROM AUG 26'}]",2020-09-07T22:00Z,1,STD,7097,IMG Academy,Bradenton,FL,0,True,0.0,0.0,4,3,STATUS_FINAL,post,True,Final,Final,Final,11,s:40~l:59~t:11,Phoenix,Mercury,PHX,Phoenix Mercury,Mercury,3a267d,e56020,True,1949,https://a.espncdn.com/i/teamlogos/wnba/500/phx.png,18,s:40~l:59~t:18,Connecticut,Sun,CONN,Connecticut Sun,Sun,de6b36,002d62,True,2160,https://a.espncdn.com/i/teamlogos/wnba/500/conn.png,2020,
0,401230859,s:40~l:59~e:401230859~c:401230859,2020-09-08T23:00Z,0,True,False,False,False,[],2020-09-08T23:00Z,1,STD,7097,IMG Academy,Bradenton,FL,0,True,0.0,0.0,4,3,STATUS_FINAL,post,True,Final,Final,Final,9,s:40~l:59~t:9,New York,Liberty,NY,New York Liberty,Liberty,0d79b9,89c9bf,True,1830,https://a.espncdn.com/i/teamlogos/wnba/500/ny.png,6,s:40~l:59~t:6,Los Angeles,Sparks,LA,Los Angeles Sparks,Sparks,532481,49ac9c,True,1841,https://a.espncdn.com/i/teamlogos/wnba/500/la.png,2020,
0,401230860,s:40~l:59~e:401230860~c:401230860,2020-09-09T00:00Z,0,True,False,False,False,[],2020-09-09T00:00Z,1,STD,7097,IMG Academy,Bradenton,FL,0,True,0.0,0.0,4,3,STATUS_FINAL,post,True,Final,Final,Final,16,s:40~l:59~t:16,Washington,Mystics,WSH,Washington Mystics,Mystics,e03a3e,09295a,True,1823,https://a.espncdn.com/i/teamlogos/wnba/500/wsh.png,8,s:40~l:59~t:8,Minnesota,Lynx,MIN,Minnesota Lynx,Lynx,005084,47a757,True,2029,https://a.espncdn.com/i/teamlogos/wnba/500/min.png,2020,
0,401230861,s:40~l:59~e:401230861~c:401230861,2020-09-09T02:00Z,0,True,False,False,False,[],2020-09-09T02:00Z,1,STD,7097,IMG Academy,Bradenton,FL,0,True,0.0,0.0,4,3,STATUS_FINAL,post,True,Final,Final,Final,17,s:40~l:59~t:17,Las Vegas,Aces,LV,Las Vegas Aces,Aces,000000,c7cfd4,True,780,https://a.espncdn.com/i/teamlogos/wnba/500/lv.png,5,s:40~l:59~t:5,Indiana,Fever,IND,Indiana Fever,Fever,e2382f,08265b,True,2183,https://a.espncdn.com/i/teamlogos/wnba/500/ind.png,2020,
0,401230862,s:40~l:59~e:401230862~c:401230862,2020-09-09T23:00Z,0,True,False,False,False,[],2020-09-09T23:00Z,1,STD,7097,IMG Academy,Bradenton,FL,0,True,0.0,0.0,5,3,STATUS_FINAL,post,True,Final,Final/OT,Final/OT,18,s:40~l:59~t:18,Connecticut,Sun,CONN,Connecticut Sun,Sun,de6b36,002d62,True,2160,https://a.espncdn.com/i/teamlogos/wnba/500/conn.png,11,s:40~l:59~t:11,Phoenix,Mercury,PHX,Phoenix Mercury,Mercury,3a267d,e56020,True,1949,https://a.espncdn.com/i/teamlogos/wnba/500/phx.png,2020,OT
0,401230863,s:40~l:59~e:401230863~c:401230863,2020-09-10T00:00Z,0,True,False,False,False,[],2020-09-10T00:00Z,1,STD,7097,IMG Academy,Bradenton,FL,0,True,0.0,0.0,4,3,STATUS_FINAL,post,True,Final,Final,Final,19,s:40~l:59~t:19,Chicago,Sky,CHI,Chicago Sky,Sky,4f91cd,f1f2f3,True,977,https://a.espncdn.com/i/teamlogos/wnba/500/chi.png,20,s:40~l:59~t:20,Atlanta,Dream,ATL,Atlanta Dream,Dream,5190cd,f1f2f3,True,2206,https://a.espncdn.com/i/teamlogos/wnba/500/atl.png,2020,
0,401230816,s:40~l:59~e:401230816~c:401230816,2020-09-10T02:00Z,0,True,False,False,False,[],2020-09-10T02:00Z,1,STD,7097,IMG Academy,Bradenton,FL,0,True,0.0,0.0,4,3,STATUS_FINAL,post,True,Final,Final,Final,14,s:40~l:59~t:14,Seattle,Storm,SEA,Seattle Storm,Storm,05452a,f7c43c,True,2184,https://a.espncdn.com/i/teamlogos/wnba/500/scoreboard/sea.png,3,s:40~l:59~t:3,Dallas,Wings,DAL,Dallas Wings,Wings,11213e,c5d646,True,3416,https://a.espncdn.com/i/teamlogos/wnba/500/dal.png,2020,
0,401230864,s:40~l:59~e:401230864~c:401230864,2020-09-10T23:00Z,0,True,False,False,False,[],2020-09-10T23:00Z,1,STD,7097,IMG Academy,Bradenton,FL,0,True,0.0,0.0,4,3,STATUS_FINAL,post,True,Final,Final,Final,5,s:40~l:59~t:5,Indiana,Fever,IND,Indiana Fever,Fever,e2382f,08265b,True,2183,https://a.espncdn.com/i/teamlogos/wnba/500/ind.png,9,s:40~l:59~t:9,New York,Liberty,NY,New York Liberty,Liberty,0d79b9,89c9bf,True,1830,https://a.espncdn.com/i/teamlogos/wnba/500/ny.png,2020,
0,401230865,s:40~l:59~e:401230865~c:401230865,2020-09-11T00:00Z,0,True,False,False,False,[],2020-09-11T00:00Z,1,STD,7097,IMG Academy,Bradenton,FL,0,True,0.0,0.0,4,3,STATUS_FINAL,post,True,Final,Final,Final,8,s:40~l:59~t:8,Minnesota,Lynx,MIN,Minnesota Lynx,Lynx,005084,47a757,True,2029,https://a.espncdn.com/i/teamlogos/wnba/500/min.png,17,s:40~l:59~t:17,Las Vegas,Aces,LV,Las Vegas Aces,Aces,000000,c7cfd4,True,780,https://a.espncdn.com/i/teamlogos/wnba/500/lv.png,2020,
0,401230866,s:40~l:59~e:401230866~c:401230866,2020-09-11T02:00Z,0,True,False,False,False,[],2020-09-11T02:00Z,1,STD,7097,IMG Academy,Bradenton,FL,0,True,0.0,0.0,4,3,STATUS_FINAL,post,True,Final,Final,Final,6,s:40~l:59~t:6,Los Angeles,Sparks,LA,Los Angeles Sparks,Sparks,532481,49ac9c,True,1841,https://a.espncdn.com/i/teamlogos/wnba/500/la.png,16,s:40~l:59~t:16,Washington,Mystics,WSH,Washington Mystics,Mystics,e03a3e,09295a,True,1823,https://a.espncdn.com/i/teamlogos/wnba/500/wsh.png,2020,
0,401230867,s:40~l:59~e:401230867~c:401230867,2020-09-11T23:00Z,0,True,False,False,False,[],2020-09-11T23:00Z,1,STD,7097,IMG Academy,Bradenton,FL,0,True,0.0,0.0,4,3,STATUS_FINAL,post,True,Final,Final,Final,18,s:40~l:59~t:18,Connecticut,Sun,CONN,Connecticut Sun,Sun,de6b36,002d62,True,2160,https://a.espncdn.com/i/teamlogos/wnba/500/conn.png,20,s:40~l:59~t:20,Atlanta,Dream,ATL,Atlanta Dream,Dream,5190cd,f1f2f3,True,2206,https://a.espncdn.com/i/teamlogos/wnba/500/atl.png,2020,
0,401230868,s:40~l:59~e:401230868~c:401230868,2020-09-12T00:00Z,0,True,False,False,False,[],2020-09-12T00:00Z,1,STD,7097,IMG Academy,Bradenton,FL,0,True,0.0,0.0,4,3,STATUS_FINAL,post,True,Final,Final,Final,3,s:40~l:59~t:3,Dallas,Wings,DAL,Dallas Wings,Wings,11213e,c5d646,True,3416,https://a.espncdn.com/i/teamlogos/wnba/500/dal.png,19,s:40~l:59~t:19,Chicago,Sky,CHI,Chicago Sky,Sky,4f91cd,f1f2f3,True,977,https://a.espncdn.com/i/teamlogos/wnba/500/chi.png,2020,
0,401230869,s:40~l:59~e:401230869~c:401230869,2020-09-12T02:00Z,0,True,False,False,False,[],2020-09-12T02:00Z,1,STD,7097,IMG Academy,Bradenton,FL,0,True,0.0,0.0,4,3,STATUS_FINAL,post,True,Final,Final,Final,11,s:40~l:59~t:11,Phoenix,Mercury,PHX,Phoenix Mercury,Mercury,3a267d,e56020,True,1949,https://a.espncdn.com/i/teamlogos/wnba/500/phx.png,14,s:40~l:59~t:14,Seattle,Storm,SEA,Seattle Storm,Storm,05452a,f7c43c,True,2184,https://a.espncdn.com/i/teamlogos/wnba/500/scoreboard/sea.png,2020,
0,401230817,s:40~l:59~e:401230817~c:401230817,2020-09-12T16:00Z,0,True,False,False,False,[],2020-09-12T16:00Z,1,STD,7097,IMG Academy,Bradenton,FL,0,True,0.0,0.0,4,3,STATUS_FINAL,post,True,Final,Final,Final,9,s:40~l:59~t:9,New York,Liberty,NY,New York Liberty,Liberty,0d79b9,89c9bf,True,1830,https://a.espncdn.com/i/teamlogos/wnba/500/ny.png,16,s:40~l:59~t:16,Washington,Mystics,WSH,Washington Mystics,Mystics,e03a3e,09295a,True,1823,https://a.espncdn.com/i/teamlogos/wnba/500/wsh.png,2020,
0,401230819,s:40~l:59~e:401230819~c:401230819,2020-09-12T19:00Z,0,True,False,False,False,[],2020-09-12T19:00Z,1,STD,7097,IMG Academy,Bradenton,FL,0,True,0.0,0.0,4,3,STATUS_FINAL,post,True,Final,Final,Final,6,s:40~l:59~t:6,Los Angeles,Sparks,LA,Los Angeles Sparks,Sparks,532481,49ac9c,True,1841,https://a.espncdn.com/i/teamlogos/wnba/500/la.png,17,s:40~l:59~t:17,Las Vegas,Aces,LV,Las Vegas Aces,Aces,000000,c7cfd4,True,780,https://a.espncdn.com/i/teamlogos/wnba/500/lv.png,2020,
0,401230818,s:40~l:59~e:401230818~c:401230818,2020-09-12T22:00Z,0,True,False,False,False,[],2020-09-12T22:00Z,1,STD,7097,IMG Academy,Bradenton,FL,0,True,0.0,0.0,4,3,STATUS_FINAL,post,True,Final,Final,Final,5,s:40~l:59~t:5,Indiana,Fever,IND,Indiana Fever,Fever,e2382f,08265b,True,2183,https://a.espncdn.com/i/teamlogos/wnba/500/ind.png,8,s:40~l:59~t:8,Minnesota,Lynx,MIN,Minnesota Lynx,Lynx,005084,47a757,True,2029,https://a.espncdn.com/i/teamlogos/wnba/500/min.png,2020,
0,401241309,s:40~l:59~e:401241309~c:401241309,2020-09-13T16:00Z,0,True,False,False,False,"[{'type': 'event', 'headline': 'RESCHEDULED FROM AUG 27'}]",2020-09-13T16:00Z,1,STD,7097,IMG Academy,Bradenton,FL,0,True,0.0,0.0,4,3,STATUS_FINAL,post,True,Final,Final,Final,9,s:40~l:59~t:9,New York,Liberty,NY,New York Liberty,Liberty,0d79b9,89c9bf,True,1830,https://a.espncdn.com/i/teamlogos/wnba/500/ny.png,3,s:40~l:59~t:3,Dallas,Wings,DAL,Dallas Wings,Wings,11213e,c5d646,True,3416,https://a.espncdn.com/i/teamlogos/wnba/500/dal.png,2020,
0,401241310,s:40~l:59~e:401241310~c:401241310,2020-09-13T19:00Z,0,True,False,False,False,"[{'type': 'event', 'headline': 'RESCHEDULED FROM AUG 27'}]",2020-09-13T19:00Z,1,STD,7097,IMG Academy,Bradenton,FL,0,True,0.0,0.0,4,3,STATUS_FINAL,post,True,Final,Final,Final,14,s:40~l:59~t:14,Seattle,Storm,SEA,Seattle Storm,Storm,05452a,f7c43c,True,2184,https://a.espncdn.com/i/teamlogos/wnba/500/scoreboard/sea.png,17,s:40~l:59~t:17,Las Vegas,Aces,LV,Las Vegas Aces,Aces,000000,c7cfd4,True,780,https://a.espncdn.com/i/teamlogos/wnba/500/lv.png,2020,
0,401241311,s:40~l:59~e:401241311~c:401241311,2020-09-13T21:00Z,0,True,False,False,False,"[{'type': 'event', 'headline': 'RESCHEDULED FROM AUG 26'}]",2020-09-13T21:00Z,1,STD,7097,IMG Academy,Bradenton,FL,0,True,0.0,0.0,4,3,STATUS_FINAL,post,True,Final,Final,Final,20,s:40~l:59~t:20,Atlanta,Dream,ATL,Atlanta Dream,Dream,5190cd,f1f2f3,True,2206,https://a.espncdn.com/i/teamlogos/wnba/500/atl.png,16,s:40~l:59~t:16,Washington,Mystics,WSH,Washington Mystics,Mystics,e03a3e,09295a,True,1823,https://a.espncdn.com/i/teamlogos/wnba/500/wsh.png,2020,
0,401244169,s:40~l:59~e:401244169~c:401244169,2020-09-15T23:00Z,0,True,False,False,False,"[{'type': 'event', 'headline': 'FIRST ROUND'}]",2020-09-15T23:00Z,14,RD16,7097,IMG Academy,Bradenton,FL,0,True,0.0,0.0,4,3,STATUS_FINAL,post,True,Final,Final,Final,19,s:40~l:59~t:19,Chicago,Sky,CHI,Chicago Sky,Sky,4f91cd,f1f2f3,True,977,https://a.espncdn.com/i/teamlogos/wnba/500/chi.png,18,s:40~l:59~t:18,Connecticut,Sun,CONN,Connecticut Sun,Sun,de6b36,002d62,True,2160,https://a.espncdn.com/i/teamlogos/wnba/500/conn.png,2020,
0,401244170,s:40~l:59~e:401244170~c:401244170,2020-09-16T01:00Z,0,True,False,False,False,"[{'type': 'event', 'headline': 'FIRST ROUND'}]",2020-09-16T01:00Z,14,RD16,7097,IMG Academy,Bradenton,FL,0,True,0.0,0.0,4,3,STATUS_FINAL,post,True,Final,Final,Final,11,s:40~l:59~t:11,Phoenix,Mercury,PHX,Phoenix Mercury,Mercury,3a267d,e56020,True,1949,https://a.espncdn.com/i/teamlogos/wnba/500/phx.png,16,s:40~l:59~t:16,Washington,Mystics,WSH,Washington Mystics,Mystics,e03a3e,09295a,True,1823,https://a.espncdn.com/i/teamlogos/wnba/500/wsh.png,2020,
0,401244171,s:40~l:59~e:401244171~c:401244171,2020-09-17T23:00Z,0,True,False,False,False,"[{'type': 'event', 'headline': 'SECOND ROUND'}]",2020-09-17T23:00Z,15,QTR,7097,IMG Academy,Bradenton,FL,0,True,0.0,0.0,4,3,STATUS_FINAL,post,True,Final,Final,Final,8,s:40~l:59~t:8,Minnesota,Lynx,MIN,Minnesota Lynx,Lynx,005084,47a757,True,2029,https://a.espncdn.com/i/teamlogos/wnba/500/min.png,11,s:40~l:59~t:11,Phoenix,Mercury,PHX,Phoenix Mercury,Mercury,3a267d,e56020,True,1949,https://a.espncdn.com/i/teamlogos/wnba/500/phx.png,2020,
0,401244172,s:40~l:59~e:401244172~c:401244172,2020-09-18T01:20Z,0,True,False,False,False,"[{'type': 'event', 'headline': 'SECOND ROUND'}]",2020-09-18T01:20Z,15,QTR,7097,IMG Academy,Bradenton,FL,0,True,0.0,0.0,4,3,STATUS_FINAL,post,True,Final,Final,Final,6,s:40~l:59~t:6,Los Angeles,Sparks,LA,Los Angeles Sparks,Sparks,532481,49ac9c,True,1841,https://a.espncdn.com/i/teamlogos/wnba/500/la.png,18,s:40~l:59~t:18,Connecticut,Sun,CONN,Connecticut Sun,Sun,de6b36,002d62,True,2160,https://a.espncdn.com/i/teamlogos/wnba/500/conn.png,2020,
0,401244173,s:40~l:59~e:401244173~c:401244173,2020-09-20T17:00Z,0,True,False,False,False,"[{'type': 'event', 'headline': 'WNBA Semifinals - Game 1'}]",2020-09-20T17:00Z,16,SEMI,7097,IMG Academy,Bradenton,FL,0,True,0.0,0.0,4,3,STATUS_FINAL,post,True,Final,Final,Final,17,s:40~l:59~t:17,Las Vegas,Aces,LV,Las Vegas Aces,Aces,000000,c7cfd4,True,780,https://a.espncdn.com/i/teamlogos/wnba/500/lv.png,18,s:40~l:59~t:18,Connecticut,Sun,CONN,Connecticut Sun,Sun,de6b36,002d62,True,2160,https://a.espncdn.com/i/teamlogos/wnba/500/conn.png,2020,
0,401244174,s:40~l:59~e:401244174~c:401244174,2020-09-20T19:00Z,0,True,False,False,False,"[{'type': 'event', 'headline': 'WNBA Semifinals - Game 1'}]",2020-09-20T19:00Z,16,SEMI,7097,IMG Academy,Bradenton,FL,0,True,0.0,0.0,0,6,STATUS_POSTPONED,post,False,Postponed,Postponed,Postponed,14,s:40~l:59~t:14,Seattle,Storm,SEA,Seattle Storm,Storm,05452a,f7c43c,True,2184,https://a.espncdn.com/i/teamlogos/wnba/500/scoreboard/sea.png,8,s:40~l:59~t:8,Minnesota,Lynx,MIN,Minnesota Lynx,Lynx,005084,47a757,True,2029,https://a.espncdn.com/i/teamlogos/wnba/500/min.png,2020,
0,401244176,s:40~l:59~e:401244176~c:401244176,2020-09-22T23:00Z,0,True,False,False,False,"[{'type': 'event', 'headline': 'WNBA Semifinals - Game 2'}]",2020-09-22T23:00Z,16,SEMI,7097,IMG Academy,Bradenton,FL,0,True,0.0,0.0,4,3,STATUS_FINAL,post,True,Final,Final,Final,17,s:40~l:59~t:17,Las Vegas,Aces,LV,Las Vegas Aces,Aces,000000,c7cfd4,True,780,https://a.espncdn.com/i/teamlogos/wnba/500/lv.png,18,s:40~l:59~t:18,Connecticut,Sun,CONN,Connecticut Sun,Sun,de6b36,002d62,True,2160,https://a.espncdn.com/i/teamlogos/wnba/500/conn.png,2020,
0,401244175,s:40~l:59~e:401244175~c:401244175,2020-09-23T01:20Z,0,True,False,False,False,"[{'type': 'event', 'headline': 'WNBA Semifinals - Game 1'}]",2020-09-23T01:20Z,16,SEMI,7097,IMG Academy,Bradenton,FL,0,True,0.0,0.0,4,3,STATUS_FINAL,post,True,Final,Final,Final,14,s:40~l:59~t:14,Seattle,Storm,SEA,Seattle Storm,Storm,05452a,f7c43c,True,2184,https://a.espncdn.com/i/teamlogos/wnba/500/scoreboard/sea.png,8,s:40~l:59~t:8,Minnesota,Lynx,MIN,Minnesota Lynx,Lynx,005084,47a757,True,2029,https://a.espncdn.com/i/teamlogos/wnba/500/min.png,2020,
0,401244178,s:40~l:59~e:401244178~c:401244178,2020-09-24T23:30Z,0,True,False,False,False,"[{'type': 'event', 'headline': 'WNBA Semifinals - Game 2'}]",2020-09-24T23:30Z,16,SEMI,7097,IMG Academy,Bradenton,FL,0,True,0.0,0.0,4,3,STATUS_FINAL,post,True,Final,Final,Final,14,s:40~l:59~t:14,Seattle,Storm,SEA,Seattle Storm,Storm,05452a,f7c43c,True,2184,https://a.espncdn.com/i/teamlogos/wnba/500/scoreboard/sea.png,8,s:40~l:59~t:8,Minnesota,Lynx,MIN,Minnesota Lynx,Lynx,005084,47a757,True,2029,https://a.espncdn.com/i/teamlogos/wnba/500/min.png,2020,
0,401244177,s:40~l:59~e:401244177~c:401244177,2020-09-25T01:30Z,0,True,False,False,False,"[{'type': 'event', 'headline': 'WNBA Semifinals - Game 3'}]",2020-09-25T01:30Z,16,SEMI,7097,IMG Academy,Bradenton,FL,0,True,0.0,0.0,4,3,STATUS_FINAL,post,True,Final,Final,Final,18,s:40~l:59~t:18,Connecticut,Sun,CONN,Connecticut Sun,Sun,de6b36,002d62,True,2160,https://a.espncdn.com/i/teamlogos/wnba/500/conn.png,17,s:40~l:59~t:17,Las Vegas,Aces,LV,Las Vegas Aces,Aces,000000,c7cfd4,True,780,https://a.espncdn.com/i/teamlogos/wnba/500/lv.png,2020,
0,401244179,s:40~l:59~e:401244179~c:401244179,2020-09-27T17:00Z,0,True,False,False,False,"[{'type': 'event', 'headline': 'WNBA Semifinals - Game 4'}]",2020-09-27T17:00Z,16,SEMI,7097,IMG Academy,Bradenton,FL,0,True,0.0,0.0,4,3,STATUS_FINAL,post,True,Final,Final,Final,18,s:40~l:59~t:18,Connecticut,Sun,CONN,Connecticut Sun,Sun,de6b36,002d62,True,2160,https://a.espncdn.com/i/teamlogos/wnba/500/conn.png,17,s:40~l:59~t:17,Las Vegas,Aces,LV,Las Vegas Aces,Aces,000000,c7cfd4,True,780,https://a.espncdn.com/i/teamlogos/wnba/500/lv.png,2020,
0,401244180,s:40~l:59~e:401244180~c:401244180,2020-09-27T19:00Z,0,True,False,False,False,"[{'type': 'event', 'headline': 'WNBA Semifinals - Game 3'}]",2020-09-27T19:00Z,16,SEMI,7097,IMG Academy,Bradenton,FL,0,True,0.0,0.0,4,3,STATUS_FINAL,post,True,Final,Final,Final,8,s:40~l:59~t:8,Minnesota,Lynx,MIN,Minnesota Lynx,Lynx,005084,47a757,True,2029,https://a.espncdn.com/i/teamlogos/wnba/500/min.png,14,s:40~l:59~t:14,Seattle,Storm,SEA,Seattle Storm,Storm,05452a,f7c43c,True,2184,https://a.espncdn.com/i/teamlogos/wnba/500/scoreboard/sea.png,2020,
0,401248413,s:40~l:59~e:401248413~c:401248413,2020-09-29T23:30Z,0,True,False,False,False,"[{'type': 'event', 'headline': 'WNBA Semifinals - Game 5'}]",2020-09-29T23:30Z,16,SEMI,7097,IMG Academy,Bradenton,FL,0,True,0.0,0.0,4,3,STATUS_FINAL,post,True,Final,Final,Final,17,s:40~l:59~t:17,Las Vegas,Aces,LV,Las Vegas Aces,Aces,000000,c7cfd4,True,780,https://a.espncdn.com/i/teamlogos/wnba/500/lv.png,18,s:40~l:59~t:18,Connecticut,Sun,CONN,Connecticut Sun,Sun,de6b36,002d62,True,2160,https://a.espncdn.com/i/teamlogos/wnba/500/conn.png,2020,
0,401244183,s:40~l:59~e:401244183~c:401244183,2020-10-02T23:00Z,0,True,False,False,False,"[{'type': 'event', 'headline': 'WNBA Finals - Game 1'}]",2020-10-02T23:00Z,17,FINAL,7097,IMG Academy,Bradenton,FL,0,True,0.0,0.0,4,3,STATUS_FINAL,post,True,Final,Final,Final,17,s:40~l:59~t:17,Las Vegas,Aces,LV,Las Vegas Aces,Aces,000000,c7cfd4,True,780,https://a.espncdn.com/i/teamlogos/wnba/500/lv.png,14,s:40~l:59~t:14,Seattle,Storm,SEA,Seattle Storm,Storm,05452a,f7c43c,True,2184,https://a.espncdn.com/i/teamlogos/wnba/500/scoreboard/sea.png,2020,
0,401244184,s:40~l:59~e:401244184~c:401244184,2020-10-04T19:00Z,0,True,False,False,False,"[{'type': 'event', 'headline': 'WNBA Finals - Game 2'}]",2020-10-04T19:00Z,17,FINAL,7097,IMG Academy,Bradenton,FL,0,True,0.0,0.0,4,3,STATUS_FINAL,post,True,Final,Final,Final,17,s:40~l:59~t:17,Las Vegas,Aces,LV,Las Vegas Aces,Aces,000000,c7cfd4,True,780,https://a.espncdn.com/i/teamlogos/wnba/500/lv.png,14,s:40~l:59~t:14,Seattle,Storm,SEA,Seattle Storm,Storm,05452a,f7c43c,True,2184,https://a.espncdn.com/i/teamlogos/wnba/500/scoreboard/sea.png,2020,
0,401244185,s:40~l:59~e:401244185~c:401244185,2020-10-06T23:00Z,0,True,False,False,False,"[{'type': 'event', 'headline': 'WNBA Finals - Game 3'}]",2020-10-06T23:00Z,17,FINAL,7097,IMG Academy,Bradenton,FL,0,True,0.0,0.0,4,3,STATUS_FINAL,post,True,Final,Final,Final,14,s:40~l:59~t:14,Seattle,Storm,SEA,Seattle Storm,Storm,05452a,f7c43c,True,2184,https://a.espncdn.com/i/teamlogos/wnba/500/scoreboard/sea.png,17,s:40~l:59~t:17,Las Vegas,Aces,LV,Las Vegas Aces,Aces,000000,c7cfd4,True,780,https://a.espncdn.com/i/teamlogos/wnba/500/lv.png,2020,
